file,propeller,volume
"105x45-PERF.PE0","10.5x4.5: radius 5.25 in, 2 blades, hub radius 0.500 in","model 1.0541 in^3 with the bore cut; file quotes 1.1454 in^3"
"105x6-PERF.PE0","10.5x6: radius 5.25 in, 2 blades, hub radius 0.500 in","model 1.2381 in^3 with the bore cut; file quotes 1.3083 in^3"
"10x10-PERF.PE0","10x10: radius 5.00 in, 2 blades, hub radius 0.500 in","model 1.1541 in^3 with the bore cut; file quotes 1.3248 in^3"
"10x10E-PERF.PE0","10x10E: radius 5.00 in, 2 blades, hub radius 0.400 in","model 0.6588 in^3 with the bore cut; file quotes 0.7449 in^3"
"10x10M-JK-PERF.PE0","10x10M-JK: radius 4.94 in, 2 blades, hub radius 0.610 in","model 1.7193 in^3 with the bore cut; file quotes 1.8854 in^3"
"10x12WE-PERF.PE0","10x12WE: radius 5.00 in, 2 blades, hub radius 0.400 in","model 0.7334 in^3 with the bore cut; file quotes 0.8020 in^3"
"10x14EP-PERF.PE0","10x14EP: radius 5.00 in, 2 blades, hub radius 0.500 in","model 0.8318 in^3 with the bore cut; file quotes 1.0196 in^3"
"10x14M-LH-PERF.PE0","10x14M-LH: radius 4.94 in, 2 blades, hub radius 0.610 in","model 1.6935 in^3 with the bore cut; file quotes 1.8857 in^3"
"10x3-PERF.PE0","10x3: radius 5.00 in, 2 blades, hub radius 0.500 in","model 0.9058 in^3 with the bore cut; file quotes 1.0307 in^3"
"10x38MRF-RH-PERF.PE0","10x3.8MRF-RH: radius 5.00 in, 2 blades, hub radius 0.000 in","model 0.1431 in^3 with the bore cut; file quotes 0.3378 in^3"
"10x38SF-PERF.PE0","10x3.8SF: radius 5.00 in, 2 blades, hub radius 0.250 in","model 0.3423 in^3 with the bore cut; file quotes 0.4190 in^3"
"10x4-PERF.PE0","10x4: radius 5.00 in, 2 blades, hub radius 0.500 in","model 1.0779 in^3 with the bore cut; file quotes 1.1331 in^3"
"10x45MR-PERF.PE0","10x4.5MR: radius 5.00 in, 2 blades, hub radius 0.320 in","model 0.4961 in^3 with the bore cut; file quotes 0.5138 in^3"
"10x45MRF-RH-PERF.PE0","10x4.5MRF-RH: radius 5.00 in, 2 blades, hub radius 0.000 in","model 0.1662 in^3 with the bore cut; file quotes 0.4575 in^3"
"10x46SF-PERF.PE0","10x4.6SF: radius 5.00 in, 2 blades, hub radius 0.250 in","model 0.2223 in^3 with the bore cut; file quotes 0.2656 in^3"
"10x47SF-PERF.PE0","10x4.7SF: radius 5.00 in, 2 blades, hub radius 0.250 in","model 0.3263 in^3 with the bore cut; file quotes 0.3879 in^3"
"10x4M-LH-PERF.PE0","10x4M-LH: radius 4.98 in, 2 blades, hub radius 0.620 in","model 1.2395 in^3 with the bore cut; file quotes 1.4003 in^3"
"10x5-PERF.PE0","10x5: radius 5.00 in, 2 blades, hub radius 0.500 in","model 0.9609 in^3 with the bore cut; file quotes 1.0885 in^3"
"10x55MR-PERF.PE0","10x5.5MR: radius 5.00 in, 2 blades, hub radius 0.320 in","model 0.4957 in^3 with the bore cut; file quotes 0.5150 in^3"
"10x58EP(F2B)-PERF.PE0","10x5.8EP: radius 5.00 in, 2 blades, hub radius 0.400 in","model 0.6401 in^3 with the bore cut; file quotes 0.6889 in^3"
"10x5E-PERF.PE0","10x5E: radius 5.00 in, 2 blades, hub radius 0.400 in","model 0.6917 in^3 with the bore cut; file quotes 0.7294 in^3"
"10x5M-LH-PERF.PE0","10x5M-LH: radius 5.00 in, 2 blades, hub radius 0.620 in","model 1.1676 in^3 with the bore cut; file quotes 1.2756 in^3"
"10x6-4-PERF.PE0","10x6-4: radius 5.00 in, 4 blades, hub radius 0.350 in","model 1.1486 in^3 with the bore cut; file quotes 1.1247 in^3"
"10x6-PERF.PE0","10x6: radius 5.00 in, 2 blades, hub radius 0.500 in","model 1.0974 in^3 with the bore cut; file quotes 1.1658 in^3"
"10x6E-PERF.PE0","10x6E: radius 5.00 in, 2 blades, hub radius 0.400 in","model 0.6855 in^3 with the bore cut; file quotes 0.7408 in^3"
"10x6F-PERF.PE0","10x6F: radius 5.00 in, 2 blades, hub radius 0.000 in","model 0.1566 in^3 with the bore cut; file quotes 0.5051 in^3"
"10x7-PERF.PE0","10x7: radius 5.00 in, 2 blades, hub radius 0.500 in","model 1.0837 in^3 with the bore cut; file quotes 1.1545 in^3"
"10x7E-PERF.PE0","10x7E: radius 5.00 in, 2 blades, hub radius 0.400 in","model 0.6836 in^3 with the bore cut; file quotes 0.7407 in^3"
"10x7SF-PERF.PE0","10x7SF: radius 5.00 in, 2 blades, hub radius 0.250 in","model 0.3504 in^3 with the bore cut; file quotes 0.4245 in^3"
"10x8-PERF.PE0","10x8: radius 5.00 in, 2 blades, hub radius 0.500 in","model 1.0587 in^3 with the bore cut; file quotes 1.1108 in^3"
"10x8E-PERF.PE0","10x8E: radius 5.00 in, 2 blades, hub radius 0.400 in","model 0.6702 in^3 with the bore cut; file quotes 0.7329 in^3"
"10x8M-LH-PERF.PE0","10x8M-LH: radius 4.94 in, 2 blades, hub radius 0.610 in","model 1.6828 in^3 with the bore cut; file quotes 1.8385 in^3"
"10x9-PERF.PE0","10x9: radius 5.00 in, 2 blades, hub radius 0.500 in","model 1.0841 in^3 with the bore cut; file quotes 1.1810 in^3"
"115x4-PERF.PE0","11.5x4: radius 5.75 in, 2 blades, hub radius 0.500 in","model 1.2759 in^3 with the bore cut; file quotes 1.5201 in^3"
"115x6-PERF.PE0","11.5x6: radius 5.75 in, 2 blades, hub radius 0.500 in","model 1.5301 in^3 with the bore cut; file quotes 1.7254 in^3"
"11x10-PERF.PE0","11x10: radius 5.50 in, 2 blades, hub radius 0.500 in","model 1.4616 in^3 with the bore cut; file quotes 1.5752 in^3"
"11x10E-PERF.PE0","11x10E: radius 5.50 in, 2 blades, hub radius 0.400 in","model 0.7614 in^3 with the bore cut; file quotes 0.8642 in^3"
"11x11-PERF.PE0","11x11: radius 5.50 in, 2 blades, hub radius 0.500 in","model 1.4554 in^3 with the bore cut; file quotes 1.5597 in^3"
"11x12-PERF.PE0","11x12: radius 5.50 in, 2 blades, hub radius 0.500 in","model 1.4584 in^3 with the bore cut; file quotes 1.5702 in^3"
"11x12E-PERF.PE0","11x12E: radius 5.50 in, 2 blades, hub radius 0.400 in","model 0.8653 in^3 with the bore cut; file quotes 0.9439 in^3"
"11x12W-PERF.PE0","11x12W: radius 5.50 in, 2 blades, hub radius 0.500 in","model 1.4797 in^3 with the bore cut; file quotes 1.5989 in^3"
"11x13-PERF.PE0","11x13: radius 5.50 in, 2 blades, hub radius 0.500 in","model 1.3076 in^3 with the bore cut; file quotes 1.5236 in^3"
"11x13EP-PERF.PE0","11x13EP: radius 5.50 in, 2 blades, hub radius 0.400 in","model 0.8689 in^3 with the bore cut; file quotes 0.9421 in^3"
"11x14-PERF.PE0","11x14: radius 5.50 in, 2 blades, hub radius 0.500 in","model 1.2244 in^3 with the bore cut; file quotes 1.4471 in^3"
"11x3-PERF.PE0","11x3: radius 5.50 in, 2 blades, hub radius 0.500 in","model 1.3505 in^3 with the bore cut; file quotes 1.5815 in^3"
"11x38SF-PERF.PE0","11x3.8SF: radius 5.50 in, 2 blades, hub radius 0.250 in","model 0.4364 in^3 with the bore cut; file quotes 0.5213 in^3"
"11x4-PERF.PE0","11x4: radius 5.50 in, 2 blades, hub radius 0.500 in","model 1.3551 in^3 with the bore cut; file quotes 1.6044 in^3"
"11x45EP-PERF.PE0","11x4.5EP: radius 5.50 in, 2 blades, hub radius 0.400 in","model 0.8960 in^3 with the bore cut; file quotes 0.9381 in^3"
"11x45MR-PERF.PE0","11x4.5MR: radius 5.50 in, 2 blades, hub radius 0.320 in","model 0.6167 in^3 with the bore cut; file quotes 0.6407 in^3"
"11x46SF-PERF.PE0","11x4.6SF: radius 5.50 in, 2 blades, hub radius 0.250 in","model 0.3359 in^3 with the bore cut; file quotes 0.3879 in^3"
"11x47SF-PERF.PE0","11x4.7SF: radius 5.50 in, 2 blades, hub radius 0.250 in","model 0.4177 in^3 with the bore cut; file quotes 0.4852 in^3"
"11x5-PERF.PE0","11x5: radius 5.50 in, 2 blades, hub radius 0.500 in","model 1.2413 in^3 with the bore cut; file quotes 1.4973 in^3"
"11x55E-PERF.PE0","11x5.5E: radius 5.50 in, 2 blades, hub radius 0.400 in","model 0.8071 in^3 with the bore cut; file quotes 0.8759 in^3"
"11x55MR-PERF.PE0","11x5.5MR: radius 5.50 in, 2 blades, hub radius 0.320 in","model 0.6163 in^3 with the bore cut; file quotes 0.6420 in^3"
"11x55R-RH-PERF.PE0","11x5.5R-RH: radius 5.50 in, 2 blades, hub radius 0.390 in","model 0.6021 in^3 with the bore cut; file quotes 0.7956 in^3"
"11x6-4-PERF.PE0","11x6-4: radius 5.50 in, 4 blades, hub radius 0.350 in","model 1.5104 in^3 with the bore cut; file quotes 1.4799 in^3"
"11x6-PERF.PE0","11x6: radius 5.50 in, 2 blades, hub radius 0.500 in","model 1.3648 in^3 with the bore cut; file quotes 1.5554 in^3"
"11x6M-LH-PERF.PE0","11x6M-LH: radius 5.48 in, 2 blades, hub radius 0.620 in","model 1.5551 in^3 with the bore cut; file quotes 1.7926 in^3"
"11x7-PERF.PE0","11x7: radius 5.50 in, 2 blades, hub radius 0.500 in","model 1.3700 in^3 with the bore cut; file quotes 1.5688 in^3"
"11x7E-3-PERF.PE0","11x7E-3: radius 5.50 in, 3 blades, hub radius 0.400 in","model 1.1172 in^3 with the bore cut; file quotes 1.1222 in^3"
"11x7E-PERF.PE0","11x7E: radius 5.50 in, 2 blades, hub radius 0.400 in","model 0.7673 in^3 with the bore cut; file quotes 0.8654 in^3"
"11x7SF-PERF.PE0","11x7SF: radius 5.50 in, 2 blades, hub radius 0.250 in","model 0.4475 in^3 with the bore cut; file quotes 0.5258 in^3"
"11x8-PERF.PE0","11x8: radius 5.50 in, 2 blades, hub radius 0.500 in","model 1.3709 in^3 with the bore cut; file quotes 1.5998 in^3"
"11x85E-PERF.PE0","11x8.5E: radius 5.50 in, 2 blades, hub radius 0.400 in","model 0.7554 in^3 with the bore cut; file quotes 0.8532 in^3"
"11x8E-PERF.PE0","11x8E: radius 5.50 in, 2 blades, hub radius 0.400 in","model 0.7568 in^3 with the bore cut; file quotes 0.8510 in^3"
"11x8F-PERF.PE0","11x8F: radius 5.50 in, 2 blades, hub radius 0.000 in","model 0.2239 in^3 with the bore cut; file quotes 0.6503 in^3"
"11x9-4-PERF.PE0","11x9-4: radius 5.50 in, 4 blades, hub radius 0.350 in","model 1.3764 in^3 with the bore cut; file quotes 1.4277 in^3"
"11x9-PERF.PE0","11x9: radius 5.50 in, 2 blades, hub radius 0.500 in","model 1.3727 in^3 with the bore cut; file quotes 1.5666 in^3"
"1225x375-PERF.PE0","12.25x3.75: radius 6.12 in, 2 blades, hub radius 0.500 in","model 1.3848 in^3 with the bore cut; file quotes 1.6021 in^3"
"125x10-PERF.PE0","12.5x10: radius 6.25 in, 2 blades, hub radius 0.520 in","model 1.8723 in^3 with the bore cut; file quotes 1.9784 in^3"
"125x6-PERF.PE0","12.5x6: radius 6.25 in, 2 blades, hub radius 0.500 in","model 1.8748 in^3 with the bore cut; file quotes 1.9848 in^3"
"12x10-PERF.PE0","12x10: radius 6.00 in, 2 blades, hub radius 0.500 in","model 1.6128 in^3 with the bore cut; file quotes 1.7180 in^3"
"12x10E-PERF.PE0","12x10E: radius 6.00 in, 2 blades, hub radius 0.400 in","model 0.9071 in^3 with the bore cut; file quotes 0.9792 in^3"
"12x10W-PERF.PE0","12x10W: radius 6.00 in, 2 blades, hub radius 0.500 in","model 1.7297 in^3 with the bore cut; file quotes 1.8317 in^3"
"12x11-PERF.PE0","12x11: radius 6.00 in, 2 blades, hub radius 0.500 in","model 1.6090 in^3 with the bore cut; file quotes 1.7199 in^3"
"12x12-PERF.PE0","12x12: radius 6.00 in, 2 blades, hub radius 0.500 in","model 1.7469 in^3 with the bore cut; file quotes 1.8770 in^3"
"12x12E-PERF.PE0","12x12E: radius 6.00 in, 2 blades, hub radius 0.400 in","model 0.9048 in^3 with the bore cut; file quotes 0.9943 in^3"
"12x12N-PERF.PE0","12x12N: radius 6.00 in, 2 blades, hub radius 0.500 in","model 1.5599 in^3 with the bore cut; file quotes 1.7535 in^3"
"12x13-PERF.PE0","12x13: radius 6.00 in, 2 blades, hub radius 0.500 in","model 1.5864 in^3 with the bore cut; file quotes 1.7144 in^3"
"12x13N-PERF.PE0","12x13N: radius 6.00 in, 2 blades, hub radius 0.500 in","model 1.5863 in^3 with the bore cut; file quotes 1.7362 in^3"
"12x14-PERF.PE0","12x14: radius 6.00 in, 2 blades, hub radius 0.500 in","model 1.5744 in^3 with the bore cut; file quotes 1.7126 in^3"
"12x38SF-PERF.PE0","12x3.8SF: radius 6.00 in, 2 blades, hub radius 0.250 in","model 0.5497 in^3 with the bore cut; file quotes 0.6424 in^3"
"12x4-PERF.PE0","12x4: radius 6.00 in, 2 blades, hub radius 0.500 in","model 1.4886 in^3 with the bore cut; file quotes 1.5792 in^3"
"12x45MR-PERF.PE0","12x4.5MR: radius 6.00 in, 2 blades, hub radius 0.320 in","model 0.7685 in^3 with the bore cut; file quotes 0.8041 in^3"
"12x45MRF-RH-PERF.PE0","12x4.5MRF-RH: radius 6.00 in, 2 blades, hub radius 0.000 in","model 0.2592 in^3 with the bore cut; file quotes 0.6445 in^3"
"12x47SF-PERF.PE0","12x4.7SF: radius 6.00 in, 2 blades, hub radius 0.250 in","model 0.5499 in^3 with the bore cut; file quotes 0.6382 in^3"
"12x5-PERF.PE0","12x5: radius 6.00 in, 2 blades, hub radius 0.500 in","model 1.4983 in^3 with the bore cut; file quotes 1.5823 in^3"
"12x55MR-PERF.PE0","12x5.5MR: radius 6.00 in, 2 blades, hub radius 0.320 in","model 0.7681 in^3 with the bore cut; file quotes 0.8053 in^3"
"12x58SF-PERF.PE0","12x5.8SF: radius 6.00 in, 2 blades, hub radius 0.250 in","model 0.4273 in^3 with the bore cut; file quotes 0.4921 in^3"
"12x6-PERF.PE0","12x6: radius 6.00 in, 2 blades, hub radius 0.500 in","model 1.6842 in^3 with the bore cut; file quotes 1.7913 in^3"
"12x6E-PERF.PE0","12x6E: radius 6.00 in, 2 blades, hub radius 0.400 in","model 0.9280 in^3 with the bore cut; file quotes 0.9944 in^3"
"12x6EP(F2B)-PERF.PE0","12x6EP: radius 6.00 in, 2 blades, hub radius 0.400 in","model 0.8012 in^3 with the bore cut; file quotes 0.8476 in^3"
"12x6SF-PERF.PE0","12x6SF: radius 6.00 in, 2 blades, hub radius 0.250 in","model 0.5582 in^3 with the bore cut; file quotes 0.6478 in^3"
"12x7-PERF.PE0","12x7: radius 6.00 in, 2 blades, hub radius 0.500 in","model 1.5976 in^3 with the bore cut; file quotes 1.6795 in^3"
"12x7E-3-PERF.PE0","12x7E-3: radius 6.00 in, 3 blades, hub radius 0.400 in","model 1.4225 in^3 with the bore cut; file quotes 1.4322 in^3"
"12x8-PERF.PE0","12x8: radius 6.00 in, 2 blades, hub radius 0.500 in","model 1.5831 in^3 with the bore cut; file quotes 1.8442 in^3"
"12x85F-PERF.PE0","12x8.5F: radius 6.00 in, 2 blades, hub radius 0.000 in","model 0.2875 in^3 with the bore cut; file quotes 0.8048 in^3"
"12x8E-PERF.PE0","12x8E: radius 6.00 in, 2 blades, hub radius 0.400 in","model 0.9234 in^3 with the bore cut; file quotes 0.9796 in^3"
"12x8SF-PERF.PE0","12x8SF: radius 6.00 in, 2 blades, hub radius 0.250 in","model 0.5656 in^3 with the bore cut; file quotes 0.6573 in^3"
"12x9-PERF.PE0","12x9: radius 6.00 in, 2 blades, hub radius 0.500 in","model 1.5946 in^3 with the bore cut; file quotes 1.6978 in^3"
"12x9W-PERF.PE0","12x9W: radius 6.00 in, 2 blades, hub radius 0.500 in","model 2.0236 in^3 with the bore cut; file quotes 2.1507 in^3"
"135x10-PERF.PE0","13.5x10: radius 6.75 in, 2 blades, hub radius 0.540 in","model 2.0554 in^3 with the bore cut; file quotes 2.2939 in^3"
"135x135-PERF.PE0","13.5x13.5: radius 6.75 in, 2 blades, hub radius 0.600 in","model 2.3087 in^3 with the bore cut; file quotes 2.5152 in^3"
"135x14-PERF.PE0","13.5x14: radius 6.75 in, 2 blades, hub radius 0.600 in","model 2.5019 in^3 with the bore cut; file quotes 2.6026 in^3"
"135x9-PERF.PE0","13.5x9: radius 6.75 in, 2 blades, hub radius 0.500 in","model 1.7431 in^3 with the bore cut; file quotes 1.8506 in^3"
"13x10-PERF.PE0","13x10: radius 6.47 in, 2 blades, hub radius 0.540 in","model 2.1089 in^3 with the bore cut; file quotes 2.2208 in^3"
"13x10E-PERF.PE0","13x10E: radius 6.47 in, 2 blades, hub radius 0.400 in","model 1.0606 in^3 with the bore cut; file quotes 1.1318 in^3"
"13x10F-PERF.PE0","13x10F: radius 6.50 in, 2 blades, hub radius 0.000 in","model 0.3568 in^3 with the bore cut; file quotes 0.9218 in^3"
"13x11-PERF.PE0","13x11: radius 6.50 in, 2 blades, hub radius 0.540 in","model 2.0471 in^3 with the bore cut; file quotes 2.2101 in^3"
"13x135N-PERF.PE0","13x13.5N: radius 6.50 in, 2 blades, hub radius 0.500 in","model 1.6966 in^3 with the bore cut; file quotes 1.9125 in^3"
"13x13N-PERF.PE0","13x13N: radius 6.50 in, 2 blades, hub radius 0.570 in","model 1.9033 in^3 with the bore cut; file quotes 2.0767 in^3"
"13x14-PERF.PE0","13x14: radius 6.47 in, 2 blades, hub radius 0.600 in","model 2.3186 in^3 with the bore cut; file quotes 2.4843 in^3"
"13x4-PERF.PE0","13x4: radius 6.45 in, 2 blades, hub radius 0.500 in","model 1.8257 in^3 with the bore cut; file quotes 1.9270 in^3"
"13x45EP(F2B)-PERF.PE0","13x4.5EP: radius 6.47 in, 2 blades, hub radius 0.400 in","model 0.8885 in^3 with the bore cut; file quotes 0.9221 in^3"
"13x45MR-PERF.PE0","13x4.5MR: radius 6.47 in, 2 blades, hub radius 0.320 in","model 0.8524 in^3 with the bore cut; file quotes 0.8936 in^3"
"13x47SF-PERF.PE0","13x4.7SF: radius 6.47 in, 2 blades, hub radius 0.250 in","model 0.6811 in^3 with the bore cut; file quotes 0.7842 in^3"
"13x4E-PERF.PE0","13x4E: radius 6.47 in, 2 blades, hub radius 0.400 in","model 1.0655 in^3 with the bore cut; file quotes 1.1258 in^3"
"13x4W-PERF.PE0","13x4W: radius 6.50 in, 2 blades, hub radius 0.500 in","model 1.5192 in^3 with the bore cut; file quotes 1.7502 in^3"
"13x55E-PERF.PE0","13x5.5E: radius 6.47 in, 2 blades, hub radius 0.400 in","model 1.1520 in^3 with the bore cut; file quotes 1.2068 in^3"
"13x55MR-PERF.PE0","13x5.5MR: radius 6.47 in, 2 blades, hub radius 0.320 in","model 0.8523 in^3 with the bore cut; file quotes 0.8946 in^3"
"13x55MRF-RH-PERF.PE0","13x5.5MRF-RH: radius 6.50 in, 2 blades, hub radius 0.000 in","model 0.3414 in^3 with the bore cut; file quotes 0.8228 in^3"
"13x6-PERF.PE0","13x6: radius 6.48 in, 2 blades, hub radius 0.500 in","model 1.7199 in^3 with the bore cut; file quotes 1.8303 in^3"
"13x65E(F2B)-PERF.PE0","13x6.5E: radius 6.47 in, 2 blades, hub radius 0.400 in","model 0.8865 in^3 with the bore cut; file quotes 0.9260 in^3"
"13x7-PERF.PE0","13x7: radius 6.50 in, 2 blades, hub radius 0.500 in","model 1.7175 in^3 with the bore cut; file quotes 1.8330 in^3"
"13x7F-PERF.PE0","13x7F: radius 6.50 in, 2 blades, hub radius 0.000 in","model 0.3568 in^3 with the bore cut; file quotes 0.9230 in^3"
"13x8-PERF.PE0","13x8: radius 6.47 in, 2 blades, hub radius 0.500 in","model 1.7199 in^3 with the bore cut; file quotes 1.8418 in^3"
"13x8E-PERF.PE0","13x8E: radius 6.47 in, 2 blades, hub radius 0.400 in","model 1.0707 in^3 with the bore cut; file quotes 1.1503 in^3"
"13x9-PERF.PE0","13x9: radius 6.47 in, 2 blades, hub radius 0.540 in","model 2.3028 in^3 with the bore cut; file quotes 2.4122 in^3"
"14x10-PERF.PE0","14x10: radius 7.00 in, 2 blades, hub radius 0.570 in","model 2.6231 in^3 with the bore cut; file quotes 2.7744 in^3"
"14x10E-PERF.PE0","14x10E: radius 7.00 in, 2 blades, hub radius 0.400 in","model 1.2120 in^3 with the bore cut; file quotes 1.2974 in^3"
"14x10F-PERF.PE0","14x10F: radius 6.92 in, 2 blades, hub radius 0.000 in","model 0.4502 in^3 with the bore cut; file quotes 1.1463 in^3"
"14x11-PERF.PE0","14x11: radius 7.00 in, 2 blades, hub radius 0.570 in","model 2.5781 in^3 with the bore cut; file quotes 2.7377 in^3"
"14x12-PERF.PE0","14x12: radius 7.00 in, 2 blades, hub radius 0.570 in","model 2.6601 in^3 with the bore cut; file quotes 2.8227 in^3"
"14x12E-PERF.PE0","14x12E: radius 7.00 in, 2 blades, hub radius 0.400 in","model 1.2319 in^3 with the bore cut; file quotes 1.3198 in^3"
"14x12N-PERF.PE0","14x12N: radius 7.00 in, 2 blades, hub radius 0.570 in","model 2.2250 in^3 with the bore cut; file quotes 2.4640 in^3"
"14x13-PERF.PE0","14x13: radius 7.00 in, 2 blades, hub radius 0.570 in","model 2.4013 in^3 with the bore cut; file quotes 2.5342 in^3"
"14x135-PERF.PE0","14x13.5: radius 7.00 in, 2 blades, hub radius 0.570 in","model 2.3758 in^3 with the bore cut; file quotes 2.5141 in^3"
"14x13M-PERF.PE0","14x13M: radius 7.00 in, 2 blades, hub radius 0.620 in","model 2.9948 in^3 with the bore cut; file quotes 3.3795 in^3"
"14x13N-PERF.PE0","14x13N: radius 7.00 in, 2 blades, hub radius 0.600 in","model 2.3190 in^3 with the bore cut; file quotes 2.5172 in^3"
"14x14-PERF.PE0","14x14: radius 7.00 in, 2 blades, hub radius 0.570 in","model 2.4347 in^3 with the bore cut; file quotes 2.6014 in^3"
"14x14E-PERF.PE0","14x14E: radius 7.00 in, 2 blades, hub radius 0.400 in","model 1.2253 in^3 with the bore cut; file quotes 1.3239 in^3"
"14x14N-PERF.PE0","14x14N: radius 7.00 in, 2 blades, hub radius 0.600 in","model 2.2975 in^3 with the bore cut; file quotes 2.4969 in^3"
"14x17M-PERF.PE0","14x17M: radius 7.00 in, 2 blades, hub radius 0.620 in","model 3.1013 in^3 with the bore cut; file quotes 3.7336 in^3"
"14x47SF-PERF.PE0","14x4.7SF: radius 7.00 in, 2 blades, hub radius 0.250 in","model 0.8112 in^3 with the bore cut; file quotes 0.9217 in^3"
"14x4W-PERF.PE0","14x4W: radius 7.00 in, 2 blades, hub radius 0.500 in","model 1.8530 in^3 with the bore cut; file quotes 2.1560 in^3"
"14x55MR-PERF.PE0","14x5.5MR: radius 7.00 in, 2 blades, hub radius 0.320 in","model 1.0456 in^3 with the bore cut; file quotes 1.0984 in^3"
"14x5N-PERF.PE0","14x5N: radius 7.00 in, 2 blades, hub radius 0.500 in","model 1.7320 in^3 with the bore cut; file quotes 1.8378 in^3"
"14x6-PERF.PE0","14x6: radius 7.00 in, 2 blades, hub radius 0.570 in","model 2.5831 in^3 with the bore cut; file quotes 2.6967 in^3"
"14x6E-PERF.PE0","14x6E: radius 7.00 in, 2 blades, hub radius 0.400 in","model 1.2128 in^3 with the bore cut; file quotes 1.2936 in^3"
"14x7-PERF.PE0","14x7: radius 7.00 in, 2 blades, hub radius 0.570 in","model 2.7893 in^3 with the bore cut; file quotes 2.8831 in^3"
"14x7E-PERF.PE0","14x7E: radius 7.00 in, 2 blades, hub radius 0.400 in","model 1.2095 in^3 with the bore cut; file quotes 1.2930 in^3"
"14x8-PERF.PE0","14x8: radius 7.00 in, 2 blades, hub radius 0.570 in","model 2.5177 in^3 with the bore cut; file quotes 2.6396 in^3"
"14x85E-PERF.PE0","14x8.5E: radius 7.00 in, 2 blades, hub radius 0.400 in","model 1.2163 in^3 with the bore cut; file quotes 1.3909 in^3"
"155x12-4-PERF.PE0","15.5x12-4: radius 7.75 in, 4 blades, hub radius 0.400 in","model 3.8577 in^3 with the bore cut; file quotes 3.9514 in^3"
"1575x13-3-PERF.PE0","15.75x13-3: radius 7.88 in, 3 blades, hub radius 0.700 in","model 4.0451 in^3 with the bore cut; file quotes 4.0708 in^3"
"15x10-PERF.PE0","15x10: radius 7.50 in, 2 blades, hub radius 0.620 in","model 3.1713 in^3 with the bore cut; file quotes 3.3588 in^3"
"15x10E-PERF.PE0","15x10E: radius 7.50 in, 2 blades, hub radius 0.500 in","model 1.5303 in^3 with the bore cut; file quotes 1.6292 in^3"
"15x11-PERF.PE0","15x11: radius 7.50 in, 2 blades, hub radius 0.620 in","model 3.1711 in^3 with the bore cut; file quotes 3.3671 in^3"
"15x12-PERF.PE0","15x12: radius 7.50 in, 2 blades, hub radius 0.620 in","model 3.1677 in^3 with the bore cut; file quotes 3.3723 in^3"
"15x12E-PERF.PE0","15x12E: radius 7.50 in, 2 blades, hub radius 0.000 in","model 0.5458 in^3 with the bore cut; file quotes 1.6131 in^3"
"15x135-3-PERF.PE0","15x13.5-3: radius 7.50 in, 3 blades, hub radius 0.740 in","model 3.2034 in^3 with the bore cut; file quotes 3.3330 in^3"
"15x4E-PERF.PE0","15x4E: radius 7.50 in, 2 blades, hub radius 0.500 in","model 1.5841 in^3 with the bore cut; file quotes 1.6678 in^3"
"15x4W-PERF.PE0","15x4W: radius 7.50 in, 2 blades, hub radius 0.570 in","model 2.3301 in^3 with the bore cut; file quotes 2.5799 in^3"
"15x55MR-PERF.PE0","15x5.5MR: radius 7.50 in, 2 blades, hub radius 0.400 in","model 1.2975 in^3 with the bore cut; file quotes 1.3563 in^3"
"15x6-PERF.PE0","15x6: radius 7.50 in, 2 blades, hub radius 0.620 in","model 2.6539 in^3 with the bore cut; file quotes 2.8058 in^3"
"15x6E-PERF.PE0","15x6E: radius 7.50 in, 2 blades, hub radius 0.500 in","model 1.5503 in^3 with the bore cut; file quotes 1.6432 in^3"
"15x7-PERF.PE0","15x7: radius 7.50 in, 2 blades, hub radius 0.620 in","model 2.6683 in^3 with the bore cut; file quotes 2.7983 in^3"
"15x7E-PERF.PE0","15x7E: radius 7.50 in, 2 blades, hub radius 0.500 in","model 1.5298 in^3 with the bore cut; file quotes 1.6276 in^3"
"15x8-PERF.PE0","15x8: radius 7.50 in, 2 blades, hub radius 0.620 in","model 3.1396 in^3 with the bore cut; file quotes 3.2842 in^3"
"15x8E-PERF.PE0","15x8E: radius 7.50 in, 2 blades, hub radius 0.500 in","model 1.5264 in^3 with the bore cut; file quotes 1.6284 in^3"
"16x10-PERF.PE0","16x10: radius 8.00 in, 2 blades, hub radius 0.620 in","model 3.6013 in^3 with the bore cut; file quotes 3.9362 in^3"
"16x10E-PERF.PE0","16x10E: radius 8.00 in, 2 blades, hub radius 0.500 in","model 1.7696 in^3 with the bore cut; file quotes 1.9106 in^3"
"16x12-PERF.PE0","16x12: radius 8.00 in, 2 blades, hub radius 0.620 in","model 3.5854 in^3 with the bore cut; file quotes 3.9040 in^3"
"16x12E-PERF.PE0","16x12E: radius 8.00 in, 2 blades, hub radius 0.500 in","model 1.7632 in^3 with the bore cut; file quotes 1.9256 in^3"
"16x13-PERF.PE0","16x13: radius 8.00 in, 2 blades, hub radius 0.620 in","model 3.6005 in^3 with the bore cut; file quotes 3.9579 in^3"
"16x14-PERF.PE0","16x14: radius 8.00 in, 2 blades, hub radius 0.620 in","model 3.6178 in^3 with the bore cut; file quotes 3.9598 in^3"
"16x16-PERF.PE0","16x16: radius 8.00 in, 2 blades, hub radius 0.620 in","model 3.6208 in^3 with the bore cut; file quotes 3.9626 in^3"
"16x4E-PERF.PE0","16x4E: radius 8.00 in, 2 blades, hub radius 0.500 in","model 2.0058 in^3 with the bore cut; file quotes 2.0893 in^3"
"16x4W-PERF.PE0","16x4W: radius 8.00 in, 2 blades, hub radius 0.620 in","model 3.1871 in^3 with the bore cut; file quotes 3.4131 in^3"
"16x55MR-PERF.PE0","16x5.5MR: radius 8.00 in, 2 blades, hub radius 0.400 in","model 1.5512 in^3 with the bore cut; file quotes 1.6142 in^3"
"16x6-PERF.PE0","16x6: radius 8.00 in, 2 blades, hub radius 0.620 in","model 3.3248 in^3 with the bore cut; file quotes 3.4846 in^3"
"16x6E-PERF.PE0","16x6E: radius 8.00 in, 2 blades, hub radius 0.500 in","model 1.8159 in^3 with the bore cut; file quotes 1.9354 in^3"
"16x7-PERF.PE0","16x7: radius 8.00 in, 2 blades, hub radius 0.620 in","model 3.4296 in^3 with the bore cut; file quotes 3.5771 in^3"
"16x7E(3D)-PERF.PE0","16x7E: radius 8.00 in, 2 blades, hub radius 0.500 in","model 1.5100 in^3 with the bore cut; file quotes 1.6928 in^3"
"16x8-PERF.PE0","16x8: radius 8.00 in, 2 blades, hub radius 0.620 in","model 3.5682 in^3 with the bore cut; file quotes 3.7887 in^3"
"16x8E-PERF.PE0","16x8E: radius 8.00 in, 2 blades, hub radius 0.500 in","model 1.7731 in^3 with the bore cut; file quotes 1.9122 in^3"
"17x10-PERF.PE0","17x10: radius 8.47 in, 2 blades, hub radius 0.620 in","model 3.9669 in^3 with the bore cut; file quotes 4.3835 in^3"
"17x10E-PERF.PE0","17x10E: radius 8.47 in, 2 blades, hub radius 0.510 in","model 2.1345 in^3 with the bore cut; file quotes 2.3875 in^3"
"17x10N-PERF.PE0","17x10N: radius 8.50 in, 2 blades, hub radius 0.570 in","model 3.2322 in^3 with the bore cut; file quotes 3.7699 in^3"
"17x10WE-PERF.PE0","17x10WE: radius 8.47 in, 2 blades, hub radius 0.510 in","model 2.6873 in^3 with the bore cut; file quotes 2.9672 in^3"
"17x12E-PERF.PE0","17x12E: radius 8.47 in, 2 blades, hub radius 0.510 in","model 2.1262 in^3 with the bore cut; file quotes 2.4278 in^3"
"17x12W-PERF.PE0","17x12W: radius 8.47 in, 2 blades, hub radius 0.620 in","model 4.6656 in^3 with the bore cut; file quotes 4.9988 in^3"
"17x13-PERF.PE0","17x13: radius 8.47 in, 2 blades, hub radius 0.620 in","model 4.2103 in^3 with the bore cut; file quotes 4.5327 in^3"
"17x4W-PERF.PE0","17x4W: radius 8.47 in, 2 blades, hub radius 0.620 in","model 3.3302 in^3 with the bore cut; file quotes 3.6010 in^3"
"17x6-PERF.PE0","17x6: radius 8.47 in, 2 blades, hub radius 0.620 in","model 3.8662 in^3 with the bore cut; file quotes 4.2640 in^3"
"17x6E-PERF.PE0","17x6E: radius 8.47 in, 2 blades, hub radius 0.510 in","model 2.1616 in^3 with the bore cut; file quotes 2.3961 in^3"
"17x7E-PERF.PE0","17x7E: radius 8.47 in, 2 blades, hub radius 0.510 in","model 2.1560 in^3 with the bore cut; file quotes 2.3971 in^3"
"17x8-PERF.PE0","17x8: radius 8.47 in, 2 blades, hub radius 0.620 in","model 3.9312 in^3 with the bore cut; file quotes 4.3361 in^3"
"17x8E-PERF.PE0","17x8E: radius 8.47 in, 2 blades, hub radius 0.510 in","model 2.1462 in^3 with the bore cut; file quotes 2.3896 in^3"
"17x8N-PERF.PE0","17x8N: radius 8.50 in, 2 blades, hub radius 0.570 in","model 3.0903 in^3 with the bore cut; file quotes 3.5981 in^3"
"181x10-PERF.PE0","18.1x10: radius 9.05 in, 2 blades, hub radius 0.620 in","model 4.8305 in^3 with the bore cut; file quotes 5.0172 in^3"
"181x12-PERF.PE0","18.1x12: radius 9.05 in, 2 blades, hub radius 0.620 in","model 4.6300 in^3 with the bore cut; file quotes 4.7691 in^3"
"18x10-PERF.PE0","18x10: radius 9.00 in, 2 blades, hub radius 0.880 in","model 4.4735 in^3 with the bore cut; file quotes 4.7955 in^3"
"18x10E-PERF.PE0","18x10E: radius 9.00 in, 2 blades, hub radius 0.620 in","model 2.4501 in^3 with the bore cut; file quotes 2.6802 in^3"
"18x12-PERF.PE0","18x12: radius 9.00 in, 2 blades, hub radius 0.880 in","model 4.6120 in^3 with the bore cut; file quotes 4.9950 in^3"
"18x12E-PERF.PE0","18x12E: radius 9.00 in, 2 blades, hub radius 0.620 in","model 2.4535 in^3 with the bore cut; file quotes 2.6985 in^3"
"18x12WE-PERF.PE0","18x12WE: radius 9.00 in, 2 blades, hub radius 0.620 in","model 2.7156 in^3 with the bore cut; file quotes 2.9738 in^3"
"18x14-PERF.PE0","18x14: radius 9.00 in, 2 blades, hub radius 0.880 in","model 4.6552 in^3 with the bore cut; file quotes 5.2607 in^3"
"18x55MR-PERF.PE0","18x5.5MR: radius 9.00 in, 2 blades, hub radius 0.500 in","model 2.2158 in^3 with the bore cut; file quotes 2.2911 in^3"
"18x6W-PERF.PE0","18x6W: radius 9.00 in, 2 blades, hub radius 0.880 in","model 4.4484 in^3 with the bore cut; file quotes 4.7011 in^3"
"18x7WP-PERF.PE0","18x7WP: radius 9.00 in, 2 blades, hub radius 0.880 in","model 4.4496 in^3 with the bore cut; file quotes 4.7151 in^3"
"18x8-PERF.PE0","18x8: radius 9.00 in, 2 blades, hub radius 0.880 in","model 4.4644 in^3 with the bore cut; file quotes 4.7367 in^3"
"18x8E-PERF.PE0","18x8E: radius 9.00 in, 2 blades, hub radius 0.620 in","model 2.4799 in^3 with the bore cut; file quotes 2.7025 in^3"
"18x8W-PERF.PE0","18x8W: radius 9.00 in, 2 blades, hub radius 0.880 in","model 4.2329 in^3 with the bore cut; file quotes 5.2448 in^3"
"19x10E-PERF.PE0","19x10E: radius 9.50 in, 2 blades, hub radius 0.620 in","model 2.7959 in^3 with the bore cut; file quotes 3.0469 in^3"
"19x11-PERF.PE0","19x11: radius 9.50 in, 2 blades, hub radius 0.620 in","model 4.6807 in^3 with the bore cut; file quotes 5.0555 in^3"
"19x12E-PERF.PE0","19x12E: radius 9.50 in, 2 blades, hub radius 0.620 in","model 2.7762 in^3 with the bore cut; file quotes 3.0383 in^3"
"19x12WE-PERF.PE0","19x12WE: radius 9.50 in, 2 blades, hub radius 0.620 in","model 3.7910 in^3 with the bore cut; file quotes 4.1186 in^3"
"19x8E-PERF.PE0","19x8E: radius 9.50 in, 2 blades, hub radius 0.620 in","model 2.8569 in^3 with the bore cut; file quotes 3.1027 in^3"
"19x8W-PERF.PE0","19x8W: radius 9.50 in, 2 blades, hub radius 0.880 in","model 4.7270 in^3 with the bore cut; file quotes 5.9506 in^3"
"205x105PN-PERF.PE0","20.5x10.5PN: radius 10.25 in, 2 blades, hub radius 0.680 in","model 6.2300 in^3 with the bore cut; file quotes 6.3868 in^3"
"205x105WPN-PERF.PE0","20.5x10.5WPN: radius 10.25 in, 2 blades, hub radius 0.680 in","model 5.6319 in^3 with the bore cut; file quotes 6.3959 in^3"
"205x10PN-PERF.PE0","20.5x10PN: radius 10.25 in, 2 blades, hub radius 0.680 in","model 6.2300 in^3 with the bore cut; file quotes 6.3868 in^3"
"205x12WE-PERF.PE0","20.5x12WE: radius 10.25 in, 2 blades, hub radius 0.620 in","model 4.4021 in^3 with the bore cut; file quotes 4.8414 in^3"
"205x135EPN-PERF.PE0","20.5x13.5EPN: radius 10.25 in, 2 blades, hub radius 0.620 in","model 3.2869 in^3 with the bore cut; file quotes 3.6535 in^3"
"205x14E-PERF.PE0","20.5x14E: radius 10.25 in, 2 blades, hub radius 0.620 in","model 4.1439 in^3 with the bore cut; file quotes 4.5663 in^3"
"205x14EPN-PERF.PE0","20.5x14EPN: radius 10.25 in, 2 blades, hub radius 0.620 in","model 3.2789 in^3 with the bore cut; file quotes 3.6315 in^3"
"205x205E(CD)-PERF.PE0","20.5x20.5E: radius 10.35 in, 2 blades, hub radius 0.580 in","model 3.0479 in^3 with the bore cut; file quotes 3.2223 in^3"
"20x10-PERF.PE0","20x10: radius 10.00 in, 2 blades, hub radius 0.880 in","model 6.1849 in^3 with the bore cut; file quotes 6.7667 in^3"
"20x105PN-PERF.PE0","20x10.5PN: radius 10.00 in, 2 blades, hub radius 0.680 in","model 5.7289 in^3 with the bore cut; file quotes 5.8884 in^3"
"20x10E-PERF.PE0","20x10E: radius 10.00 in, 2 blades, hub radius 0.620 in","model 3.2625 in^3 with the bore cut; file quotes 3.6135 in^3"
"20x10PN-PERF.PE0","20x10PN: radius 10.00 in, 2 blades, hub radius 0.680 in","model 6.1160 in^3 with the bore cut; file quotes 6.2819 in^3"
"20x10W-PERF.PE0","20x10W: radius 10.00 in, 2 blades, hub radius 1.000 in","model 5.9895 in^3 with the bore cut; file quotes 7.1781 in^3"
"20x11E-PERF.PE0","20x11E: radius 10.00 in, 2 blades, hub radius 0.620 in","model 3.3197 in^3 with the bore cut; file quotes 3.6706 in^3"
"20x12-PERF.PE0","20x12: radius 10.00 in, 2 blades, hub radius 0.880 in","model 6.1848 in^3 with the bore cut; file quotes 6.9569 in^3"
"20x12WE-PERF.PE0","20x12WE: radius 10.00 in, 2 blades, hub radius 0.620 in","model 3.7153 in^3 with the bore cut; file quotes 4.1491 in^3"
"20x13E-PERF.PE0","20x13E: radius 10.00 in, 2 blades, hub radius 0.620 in","model 3.2700 in^3 with the bore cut; file quotes 3.6460 in^3"
"20x14-PERF.PE0","20x14: radius 10.00 in, 2 blades, hub radius 0.880 in","model 5.5663 in^3 with the bore cut; file quotes 7.0174 in^3"
"20x15(WCAR-T6)-PERF.PE0","20x15: radius 10.00 in, 2 blades, hub radius 1.000 in","model 7.5785 in^3 with the bore cut; file quotes 7.4857 in^3"
"20x15C-PERF.PE0","20x15C: radius 10.00 in, 2 blades, hub radius 0.880 in","model 5.9471 in^3 with the bore cut; file quotes 7.0014 in^3"
"20x15E-PERF.PE0","20x15E: radius 10.00 in, 2 blades, hub radius 0.620 in","model 3.2664 in^3 with the bore cut; file quotes 3.6367 in^3"
"20x18(F1-GT)-PERF.PE0","20x18: radius 10.00 in, 2 blades, hub radius 1.000 in","model 7.7711 in^3 with the bore cut; file quotes 8.1783 in^3"
"20x225EP(CD)-PERF.PE0","20x22.5EP: radius 10.00 in, 2 blades, hub radius 0.750 in","model 3.3655 in^3 with the bore cut; file quotes 3.5607 in^3"
"20x8-PERF.PE0","20x8: radius 10.00 in, 2 blades, hub radius 0.880 in","model 6.1634 in^3 with the bore cut; file quotes 6.6558 in^3"
"20x8E-PERF.PE0","20x8E: radius 10.00 in, 2 blades, hub radius 0.620 in","model 3.2979 in^3 with the bore cut; file quotes 3.6101 in^3"
"20x8W-PERF.PE0","20x8W: radius 10.00 in, 2 blades, hub radius 1.000 in","model 5.8793 in^3 with the bore cut; file quotes 7.0188 in^3"
"215x105PN-PERF.PE0","21.5x10.5PN: radius 10.76 in, 2 blades, hub radius 0.680 in","model 5.5800 in^3 with the bore cut; file quotes 6.2225 in^3"
"215x10WPN-PERF.PE0","21.5x10WPN: radius 10.76 in, 2 blades, hub radius 0.680 in","model 5.5675 in^3 with the bore cut; file quotes 6.2987 in^3"
"215x13EPN-PERF.PE0","21.5x13EPN: radius 10.75 in, 2 blades, hub radius 0.620 in","model 3.6867 in^3 with the bore cut; file quotes 4.0629 in^3"
"21x105PN-PERF.PE0","21x10.5PN: radius 10.50 in, 2 blades, hub radius 0.680 in","model 5.5715 in^3 with the bore cut; file quotes 6.0825 in^3"
"21x10PN-PERF.PE0","21x10PN: radius 10.50 in, 2 blades, hub radius 0.680 in","model 5.5501 in^3 with the bore cut; file quotes 6.2213 in^3"
"21x10W-PERF.PE0","21x10W: radius 10.50 in, 2 blades, hub radius 1.000 in","model 6.6318 in^3 with the bore cut; file quotes 8.6532 in^3"
"21x12WE-PERF.PE0","21x12WE: radius 10.50 in, 2 blades, hub radius 0.620 in","model 4.3727 in^3 with the bore cut; file quotes 4.8238 in^3"
"21x135EPN-PERF.PE0","21x13.5EPN: radius 10.50 in, 2 blades, hub radius 0.620 in","model 3.5014 in^3 with the bore cut; file quotes 3.8752 in^3"
"21x13E-PERF.PE0","21x13E: radius 10.50 in, 2 blades, hub radius 0.620 in","model 3.6516 in^3 with the bore cut; file quotes 4.1205 in^3"
"21x13WE-PERF.PE0","21x13WE: radius 10.50 in, 2 blades, hub radius 0.620 in","model 4.3903 in^3 with the bore cut; file quotes 4.8368 in^3"
"22x10-PERF.PE0","22x10: radius 11.00 in, 2 blades, hub radius 0.950 in","model 8.0467 in^3 with the bore cut; file quotes 8.6390 in^3"
"22x10E-PERF.PE0","22x10E: radius 11.00 in, 2 blades, hub radius 0.690 in","model 4.4747 in^3 with the bore cut; file quotes 4.9422 in^3"
"22x12E-PERF.PE0","22x12E: radius 11.00 in, 2 blades, hub radius 0.690 in","model 4.4496 in^3 with the bore cut; file quotes 4.9251 in^3"
"22x12WE-PERF.PE0","22x12WE: radius 11.00 in, 2 blades, hub radius 0.690 in","model 5.4471 in^3 with the bore cut; file quotes 5.9993 in^3"
"22x13EPN-PERF.PE0","22x13EPN: radius 11.00 in, 2 blades, hub radius 0.620 in","model 3.8777 in^3 with the bore cut; file quotes 4.2003 in^3"
"22x8-PERF.PE0","22x8: radius 11.00 in, 2 blades, hub radius 0.950 in","model 7.9616 in^3 with the bore cut; file quotes 8.5132 in^3"
"24x12E-PERF.PE0","24x12E: radius 12.00 in, 2 blades, hub radius 0.690 in","model 5.5383 in^3 with the bore cut; file quotes 6.0834 in^3"
"25x125E-PERF.PE0","25x12.5E: radius 12.50 in, 2 blades, hub radius 0.690 in","model 7.4178 in^3 with the bore cut; file quotes 8.4059 in^3"
"26x13E-PERF.PE0","26x13E: radius 13.00 in, 2 blades, hub radius 0.880 in","model 7.0596 in^3 with the bore cut; file quotes 7.6503 in^3"
"26x15E-PERF.PE0","26x15E: radius 13.00 in, 2 blades, hub radius 0.880 in","model 7.1236 in^3 with the bore cut; file quotes 7.7562 in^3"
"27x13E-PERF.PE0","27x13E: radius 13.50 in, 2 blades, hub radius 0.880 in","model 7.8961 in^3 with the bore cut; file quotes 8.5597 in^3"
"28x20-4-PERF.PE0","28x20-4: radius 13.90 in, 4 blades, hub radius 1.450 in","model 21.2531 in^3 with the bore cut; file quotes 12.1784 in^3"
"41x41E-PERF.PE0","4.1x4.1E: radius 2.05 in, 2 blades, hub radius 0.250 in","model 0.0775 in^3 with the bore cut; file quotes 0.1090 in^3"
"42x2-PERF.PE0","4.2x2: radius 2.09 in, 2 blades, hub radius 0.250 in","model 0.0787 in^3 with the bore cut; file quotes 0.1134 in^3"
"42x4-PERF.PE0","4.2x4: radius 2.09 in, 2 blades, hub radius 0.250 in","model 0.0923 in^3 with the bore cut; file quotes 0.1235 in^3"
"44x4-PERF.PE0","4.4x4: radius 2.19 in, 2 blades, hub radius 0.250 in","model 0.1175 in^3 with the bore cut; file quotes 0.1508 in^3"
"45x35-PERF.PE0","4.5x3.5: radius 2.25 in, 2 blades, hub radius 0.250 in","model 0.1240 in^3 with the bore cut; file quotes 0.1569 in^3"
"45x4-PERF.PE0","4.5x4: radius 2.25 in, 2 blades, hub radius 0.250 in","model 0.1236 in^3 with the bore cut; file quotes 0.1579 in^3"
"45x41E-PERF.PE0","4.5x4.1E: radius 2.25 in, 2 blades, hub radius 0.250 in","model 0.0931 in^3 with the bore cut; file quotes 0.1234 in^3"
"46x3-PERF.PE0","4.6x3: radius 2.31 in, 2 blades, hub radius 0.320 in","model 0.1457 in^3 with the bore cut; file quotes 0.1730 in^3"
"475x4-PERF.PE0","4.75x4: radius 2.38 in, 2 blades, hub radius 0.320 in","model 0.1502 in^3 with the bore cut; file quotes 0.1780 in^3"
"475x45E-PERF.PE0","4.75x4.5E: radius 2.38 in, 2 blades, hub radius 0.250 in","model 0.0822 in^3 with the bore cut; file quotes 0.1210 in^3"
"475x475E-PERF.PE0","4.75x4.75E: radius 2.38 in, 2 blades, hub radius 0.250 in","model 0.0802 in^3 with the bore cut; file quotes 0.1192 in^3"
"475x55E-PERF.PE0","4.75x5.5E: radius 2.38 in, 2 blades, hub radius 0.250 in","model 0.0857 in^3 with the bore cut; file quotes 0.1246 in^3"
"47x42E-PERF.PE0","4.7x4.2E: radius 2.38 in, 2 blades, hub radius 0.250 in","model 0.0651 in^3 with the bore cut; file quotes 0.0998 in^3"
"4x33E-PERF.PE0","4x3.3E: radius 2.00 in, 2 blades, hub radius 0.250 in","model 0.0723 in^3 with the bore cut; file quotes 0.1045 in^3"
"4x45E-PERF.PE0","4x4.5E: radius 2.00 in, 2 blades, hub radius 0.250 in","model 0.0829 in^3 with the bore cut; file quotes 0.1157 in^3"
"4x4E-3-PERF.PE0","4x4E-3: radius 2.00 in, 3 blades, hub radius 0.250 in","model 0.1121 in^3 with the bore cut; file quotes 0.1365 in^3"
"51x45E-PERF.PE0","5.1x4.5E: radius 2.55 in, 2 blades, hub radius 0.250 in","model 0.1071 in^3 with the bore cut; file quotes 0.1719 in^3"
"51x50E-3-PERF.PE0","5.1x5.0E-3: radius 2.55 in, 3 blades, hub radius 0.250 in","model 0.1391 in^3 with the bore cut; file quotes 0.1855 in^3"
"51x50E-PERF.PE0","5.1x5.0E: radius 2.55 in, 2 blades, hub radius 0.250 in","model 0.1017 in^3 with the bore cut; file quotes 0.1320 in^3"
"525x475E-PERF.PE0","5.25x4.75E: radius 2.62 in, 2 blades, hub radius 0.250 in","model 0.0853 in^3 with the bore cut; file quotes 0.1362 in^3"
"525x55E-PERF.PE0","5.25x5.5E: radius 2.62 in, 2 blades, hub radius 0.250 in","model 0.0855 in^3 with the bore cut; file quotes 0.1363 in^3"
"525x625E-PERF.PE0","5.25x6.25E: radius 2.62 in, 2 blades, hub radius 0.250 in","model 0.0855 in^3 with the bore cut; file quotes 0.1364 in^3"
"525x8E-PERF.PE0","5.25x8E: radius 2.62 in, 2 blades, hub radius 0.250 in","model 0.1128 in^3 with the bore cut; file quotes 0.1617 in^3"
"52x60E-PERF.PE0","5.2x6.0E: radius 2.60 in, 2 blades, hub radius 0.250 in","model 0.1024 in^3 with the bore cut; file quotes 0.1326 in^3"
"53x59E-PERF.PE0","5.3x5.9E: radius 2.65 in, 2 blades, hub radius 0.290 in","model 0.0927 in^3 with the bore cut; file quotes 0.1510 in^3"
"55x2-PERF.PE0","5.5x2: radius 2.75 in, 2 blades, hub radius 0.320 in","model 0.1951 in^3 with the bore cut; file quotes 0.2373 in^3"
"55x25-PERF.PE0","5.5x2.5: radius 2.75 in, 2 blades, hub radius 0.320 in","model 0.1963 in^3 with the bore cut; file quotes 0.2398 in^3"
"55x45E-PERF.PE0","5.5x4.5E: radius 2.75 in, 2 blades, hub radius 0.250 in","model 0.0944 in^3 with the bore cut; file quotes 0.1536 in^3"
"55x47E-PERF.PE0","5.5x4.7E: radius 2.75 in, 2 blades, hub radius 0.250 in","model 0.0944 in^3 with the bore cut; file quotes 0.1535 in^3"
"55x65E-PERF.PE0","5.5x6.5E: radius 2.75 in, 2 blades, hub radius 0.250 in","model 0.0951 in^3 with the bore cut; file quotes 0.1534 in^3"
"55x70-PERF.PE0","5.5x7.0: radius 2.75 in, 2 blades, hub radius 0.320 in","model 0.2552 in^3 with the bore cut; file quotes 0.2874 in^3"
"57x3-PERF.PE0","5.7x3: radius 2.85 in, 2 blades, hub radius 0.250 in","model 0.1671 in^3 with the bore cut; file quotes 0.1793 in^3"
"5x11E-PERF.PE0","5x11E: radius 2.50 in, 2 blades, hub radius 0.250 in","model 0.0955 in^3 with the bore cut; file quotes 0.1520 in^3"
"5x3-PERF.PE0","5x3: radius 2.50 in, 2 blades, hub radius 0.320 in","model 0.1723 in^3 with the bore cut; file quotes 0.2019 in^3"
"5x37E-3-PERF.PE0","5x3.7E-3: radius 2.50 in, 3 blades, hub radius 0.250 in","model 0.1944 in^3 with the bore cut; file quotes 0.2144 in^3"
"5x3E-PERF.PE0","5x3E: radius 2.50 in, 2 blades, hub radius 0.250 in","model 0.0893 in^3 with the bore cut; file quotes 0.1254 in^3"
"5x41SF-PERF.PE0","5x4.1SF: radius 2.50 in, 2 blades, hub radius 0.250 in","model 0.0476 in^3 with the bore cut; file quotes 0.0654 in^3"
"5x43E-PERF.PE0","5x4.3E: radius 2.50 in, 2 blades, hub radius 0.250 in","model 0.1340 in^3 with the bore cut; file quotes 0.1765 in^3"
"5x45E-PERF.PE0","5x4.5E: radius 2.50 in, 2 blades, hub radius 0.250 in","model 0.1275 in^3 with the bore cut; file quotes 0.1751 in^3"
"5x46E-PERF.PE0","5x4.6E: radius 2.50 in, 2 blades, hub radius 0.250 in","model 0.1450 in^3 with the bore cut; file quotes 0.1986 in^3"
"5x4E-3-PERF.PE0","5x4E-3: radius 2.50 in, 3 blades, hub radius 0.250 in","model 0.1866 in^3 with the bore cut; file quotes 0.2283 in^3"
"5x4E-4-PERF.PE0","5x4E-4: radius 2.50 in, 4 blades, hub radius 0.250 in","model 0.1748 in^3 with the bore cut; file quotes 0.2130 in^3"
"5x4R-RH-PERF.PE0","5x4R-RH: radius 2.50 in, 2 blades, hub radius 0.240 in","model 0.1090 in^3 with the bore cut; file quotes 0.1416 in^3"
"5x5E-PERF.PE0","5x5E: radius 2.50 in, 2 blades, hub radius 0.250 in","model 0.0885 in^3 with the bore cut; file quotes 0.1263 in^3"
"5x5F-PERF.PE0","5x5F: radius 2.50 in, 2 blades, hub radius 0.000 in","model 0.0123 in^3 with the bore cut; file quotes 0.1175 in^3"
"5x75E-PERF.PE0","5x7.5E: radius 2.50 in, 2 blades, hub radius 0.250 in","model 0.1000 in^3 with the bore cut; file quotes 0.1482 in^3"
"63x4-PERF.PE0","6.3x4: radius 3.12 in, 2 blades, hub radius 0.320 in","model 0.3336 in^3 with the bore cut; file quotes 0.3569 in^3"
"65x29-PERF.PE0","6.5x2.9: radius 3.25 in, 2 blades, hub radius 0.320 in","model 0.3442 in^3 with the bore cut; file quotes 0.3666 in^3"
"65x37-PERF.PE0","6.5x3.7: radius 3.25 in, 2 blades, hub radius 0.320 in","model 0.3798 in^3 with the bore cut; file quotes 0.4091 in^3"
"65x50-PERF.PE0","6.5x5.0: radius 3.25 in, 2 blades, hub radius 0.320 in","model 0.3426 in^3 with the bore cut; file quotes 0.3711 in^3"
"65x55-PERF.PE0","6.5x5.5: radius 3.25 in, 2 blades, hub radius 0.320 in","model 0.3435 in^3 with the bore cut; file quotes 0.3713 in^3"
"65x60-PERF.PE0","6.5x6.0: radius 3.25 in, 2 blades, hub radius 0.320 in","model 0.3448 in^3 with the bore cut; file quotes 0.3714 in^3"
"65x65-PERF.PE0","6.5x6.5: radius 3.25 in, 2 blades, hub radius 0.320 in","model 0.3459 in^3 with the bore cut; file quotes 0.3715 in^3"
"65x70-PERF.PE0","6.5x7.0: radius 3.25 in, 2 blades, hub radius 0.320 in","model 0.3448 in^3 with the bore cut; file quotes 0.3719 in^3"
"65x75-PERF.PE0","6.5x7.5: radius 3.25 in, 2 blades, hub radius 0.320 in","model 0.3414 in^3 with the bore cut; file quotes 0.3701 in^3"
"6x2-PERF.PE0","6x2: radius 3.00 in, 2 blades, hub radius 0.320 in","model 0.1916 in^3 with the bore cut; file quotes 0.2419 in^3"
"6x3-PERF.PE0","6x3: radius 3.00 in, 2 blades, hub radius 0.320 in","model 0.2145 in^3 with the bore cut; file quotes 0.2593 in^3"
"6x31SF-PERF.PE0","6x3.1SF: radius 3.00 in, 2 blades, hub radius 0.250 in","model 0.0712 in^3 with the bore cut; file quotes 0.0891 in^3"
"6x3F-PERF.PE0","6x3F: radius 3.00 in, 2 blades, hub radius 0.000 in","model 0.0224 in^3 with the bore cut; file quotes 0.1385 in^3"
"6x3R-RH-PERF.PE0","6x3R-RH: radius 3.00 in, 2 blades, hub radius 0.240 in","model 0.1178 in^3 with the bore cut; file quotes 0.1563 in^3"
"6x4-PERF.PE0","6x4: radius 3.00 in, 2 blades, hub radius 0.250 in","model 0.1760 in^3 with the bore cut; file quotes 0.1943 in^3"
"6x41SF-PERF.PE0","6x4.1SF: radius 3.00 in, 2 blades, hub radius 0.250 in","model 0.0711 in^3 with the bore cut; file quotes 0.0899 in^3"
"6x42E-3-PERF.PE0","6x4.2E-3: radius 3.00 in, 3 blades, hub radius 0.250 in","model 0.2336 in^3 with the bore cut; file quotes 0.2663 in^3"
"6x45E-PERF.PE0","6x4.5E: radius 3.00 in, 2 blades, hub radius 0.250 in","model 0.2338 in^3 with the bore cut; file quotes 0.2869 in^3"
"6x4E-PERF.PE0","6x4E: radius 3.00 in, 2 blades, hub radius 0.250 in","model 0.1140 in^3 with the bore cut; file quotes 0.1641 in^3"
"6x5-PERF.PE0","6x5: radius 3.00 in, 2 blades, hub radius 0.320 in","model 0.2378 in^3 with the bore cut; file quotes 0.2619 in^3"
"6x55E-PERF.PE0","6x5.5E: radius 3.00 in, 2 blades, hub radius 0.250 in","model 0.1194 in^3 with the bore cut; file quotes 0.1828 in^3"
"6x6E-PERF.PE0","6x6E: radius 3.00 in, 2 blades, hub radius 0.250 in","model 0.1191 in^3 with the bore cut; file quotes 0.1828 in^3"
"74x75C-PERF.PE0","7.4x7.5C: radius 3.70 in, 2 blades, hub radius 0.450 in","model 0.5368 in^3 with the bore cut; file quotes 0.7131 in^3"
"74x76C-PERF.PE0","7.4x7.6C: radius 3.70 in, 2 blades, hub radius 0.450 in","model 0.5364 in^3 with the bore cut; file quotes 0.7130 in^3"
"74x77C-PERF.PE0","7.4x7.7C: radius 3.70 in, 2 blades, hub radius 0.450 in","model 0.5361 in^3 with the bore cut; file quotes 0.7129 in^3"
"78x4-PERF.PE0","7.8x4: radius 4.00 in, 2 blades, hub radius 0.450 in","model 0.6560 in^3 with the bore cut; file quotes 0.6818 in^3"
"78x6-PERF.PE0","7.8x6: radius 3.90 in, 2 blades, hub radius 0.450 in","model 0.6160 in^3 with the bore cut; file quotes 0.8902 in^3"
"78x7-PERF.PE0","7.8x7: radius 3.90 in, 2 blades, hub radius 0.450 in","model 0.6140 in^3 with the bore cut; file quotes 0.8935 in^3"
"7x10-PERF.PE0","7x10: radius 3.50 in, 2 blades, hub radius 0.320 in","model 0.3539 in^3 with the bore cut; file quotes 0.4094 in^3"
"7x11E-PERF.PE0","7x11E: radius 3.50 in, 2 blades, hub radius 0.320 in","model 0.2750 in^3 with the bore cut; file quotes 0.3676 in^3"
"7x15E-PERF.PE0","7x15E: radius 3.50 in, 2 blades, hub radius 0.320 in","model 0.3077 in^3 with the bore cut; file quotes 0.3551 in^3"
"7x3-PERF.PE0","7x3: radius 3.50 in, 2 blades, hub radius 0.320 in","model 0.3729 in^3 with the bore cut; file quotes 0.3980 in^3"
"7x38WSF-PERF.PE0","7x3.8WSF: radius 3.50 in, 2 blades, hub radius 0.250 in","model 0.1830 in^3 with the bore cut; file quotes 0.2473 in^3"
"7x4-PERF.txt","7x4: radius 3.50 in, 2 blades, hub radius 0.320 in","model 0.3572 in^3 with the bore cut; file quotes 0.4183 in^3"
"7x41SF-PERF.PE0","7x4.1SF: radius 3.50 in, 2 blades, hub radius 0.250 in","model 0.1037 in^3 with the bore cut; file quotes 0.1250 in^3"
"7x4E-PERF.PE0","7x4E: radius 3.50 in, 2 blades, hub radius 0.250 in","model 0.2730 in^3 with the bore cut; file quotes 0.3114 in^3"
"7x4F-PERF.PE0","7x4F: radius 3.50 in, 2 blades, hub radius 0.000 in","model 0.0317 in^3 with the bore cut; file quotes 0.1965 in^3"
"7x4SF-PERF.PE0","7x4SF: radius 3.50 in, 2 blades, hub radius 0.250 in","model 0.1288 in^3 with the bore cut; file quotes 0.1795 in^3"
"7x5-PERF.PE0","7x5: radius 3.50 in, 2 blades, hub radius 0.320 in","model 0.3317 in^3 with the bore cut; file quotes 0.3857 in^3"
"7x5E-PERF.PE0","7x5E: radius 3.50 in, 2 blades, hub radius 0.250 in","model 0.2719 in^3 with the bore cut; file quotes 0.3111 in^3"
"7x5SF-PERF.PE0","7x5SF: radius 3.50 in, 2 blades, hub radius 0.250 in","model 0.1349 in^3 with the bore cut; file quotes 0.1878 in^3"
"7x6-PERF.PE0","7x6: radius 3.50 in, 2 blades, hub radius 0.320 in","model 0.3722 in^3 with the bore cut; file quotes 0.4329 in^3"
"7x6E-PERF.PE0","7x6E: radius 3.50 in, 2 blades, hub radius 0.250 in","model 0.2712 in^3 with the bore cut; file quotes 0.3095 in^3"
"7x6F-PERF.PE0","7x6F: radius 3.50 in, 2 blades, hub radius 0.000 in","model 0.0317 in^3 with the bore cut; file quotes 0.2004 in^3"
"7x6SF-PERF.PE0","7x6SF: radius 3.50 in, 2 blades, hub radius 0.250 in","model 0.1322 in^3 with the bore cut; file quotes 0.1920 in^3"
"7x6W-PERF.PE0","7x6W: radius 3.50 in, 2 blades, hub radius 0.320 in","model 0.3561 in^3 with the bore cut; file quotes 0.4748 in^3"
"7x7-PERF.PE0","7x7: radius 3.50 in, 2 blades, hub radius 0.320 in","model 0.3688 in^3 with the bore cut; file quotes 0.4118 in^3"
"7x7E-PERF.PE0","7x7E: radius 3.50 in, 2 blades, hub radius 0.250 in","model 0.2702 in^3 with the bore cut; file quotes 0.3091 in^3"
"7x8-PERF.PE0","7x8: radius 3.50 in, 2 blades, hub radius 0.320 in","model 0.3738 in^3 with the bore cut; file quotes 0.4575 in^3"
"7x9-PERF.PE0","7x9: radius 3.50 in, 2 blades, hub radius 0.320 in","model 0.3546 in^3 with the bore cut; file quotes 0.4076 in^3"
"7x9E-PERF.PE0","7x9E: radius 3.50 in, 2 blades, hub radius 0.320 in","model 0.2767 in^3 with the bore cut; file quotes 0.3690 in^3"
"8625x375-PERF.PE0","8.625x3.75: radius 4.31 in, 2 blades, hub radius 0.450 in","model 0.4767 in^3 with the bore cut; file quotes 0.6759 in^3"
"875x50-PERF.PE0","8.75x5.0: radius 4.38 in, 2 blades, hub radius 0.450 in","model 0.9199 in^3 with the bore cut; file quotes 0.9655 in^3"
"875x70N-PERF.PE0","8.75x7.0N: radius 4.38 in, 2 blades, hub radius 0.450 in","model 0.7419 in^3 with the bore cut; file quotes 1.0571 in^3"
"875x75N-PERF.PE0","8.75x7.5N: radius 4.38 in, 2 blades, hub radius 0.450 in","model 0.7407 in^3 with the bore cut; file quotes 1.0567 in^3"
"875x75NN-PERF.PE0","8.75x7.5NN: radius 4.38 in, 2 blades, hub radius 0.450 in","model 0.6138 in^3 with the bore cut; file quotes 0.9146 in^3"
"875x75W-PERF.PE0","8.75x7.5W: radius 4.38 in, 2 blades, hub radius 0.450 in","model 0.6160 in^3 with the bore cut; file quotes 0.9186 in^3"
"875x775NN-PERF.PE0","8.75x7.75NN: radius 4.38 in, 2 blades, hub radius 0.450 in","model 0.6141 in^3 with the bore cut; file quotes 0.9147 in^3"
"875x80NN-PERF.PE0","8.75x8.0NN: radius 4.38 in, 2 blades, hub radius 0.450 in","model 0.6132 in^3 with the bore cut; file quotes 0.9146 in^3"
"875x825NN-PERF.PE0","8.75x8.25NN: radius 4.38 in, 2 blades, hub radius 0.450 in","model 0.6149 in^3 with the bore cut; file quotes 0.9148 in^3"
"875x85N-PERF.PE0","8.75x8.5N: radius 4.38 in, 2 blades, hub radius 0.450 in","model 0.7386 in^3 with the bore cut; file quotes 1.0406 in^3"
"875x875NN-PERF.PE0","8.75x8.75NN: radius 4.38 in, 2 blades, hub radius 0.450 in","model 0.6130 in^3 with the bore cut; file quotes 0.9142 in^3"
"875x875W-PERF.PE0","8.75x8.75W: radius 4.38 in, 2 blades, hub radius 0.450 in","model 0.6168 in^3 with the bore cut; file quotes 0.9187 in^3"
"875x90NN-PERF.PE0","8.75x9.0NN: radius 4.38 in, 2 blades, hub radius 0.450 in","model 0.6133 in^3 with the bore cut; file quotes 0.9141 in^3"
"875x90W-PERF.PE0","8.75x9.0W: radius 4.38 in, 2 blades, hub radius 0.450 in","model 0.6069 in^3 with the bore cut; file quotes 0.9172 in^3"
"875x925NN-PERF.PE0","8.75x9.25NN: radius 4.38 in, 2 blades, hub radius 0.450 in","model 0.6124 in^3 with the bore cut; file quotes 0.9138 in^3"
"875x925W-PERF.PE0","8.75x9.25W: radius 4.38 in, 2 blades, hub radius 0.450 in","model 0.6073 in^3 with the bore cut; file quotes 0.9174 in^3"
"88x85-PERF.PE0","8.8x8.5: radius 4.38 in, 2 blades, hub radius 0.450 in","model 0.6207 in^3 with the bore cut; file quotes 0.9229 in^3"
"88x875-PERF.PE0","8.8x8.75: radius 4.38 in, 2 blades, hub radius 0.450 in","model 0.6573 in^3 with the bore cut; file quotes 0.9379 in^3"
"88x89-PERF.PE0","8.8x8.9: radius 4.38 in, 2 blades, hub radius 0.450 in","model 0.7177 in^3 with the bore cut; file quotes 0.9161 in^3"
"88x90-PERF.PE0","8.8x9.0: radius 4.38 in, 2 blades, hub radius 0.450 in","model 0.9265 in^3 with the bore cut; file quotes 0.9274 in^3"
"88x925-PERF.PE0","8.8x9.25: radius 4.38 in, 2 blades, hub radius 0.450 in","model 0.6587 in^3 with the bore cut; file quotes 0.9388 in^3"
"88x95-PERF.PE0","8.8x9.5: radius 4.37 in, 2 blades, hub radius 0.450 in","model 0.6212 in^3 with the bore cut; file quotes 0.9226 in^3"
"88x975-PERF.PE0","8.8x9.75: radius 4.37 in, 2 blades, hub radius 0.450 in","model 0.6211 in^3 with the bore cut; file quotes 0.9225 in^3"
"8x10-PERF.PE0","8x10: radius 4.00 in, 2 blades, hub radius 0.400 in","model 0.5926 in^3 with the bore cut; file quotes 0.6435 in^3"
"8x10E-PERF.PE0","8x10E: radius 4.00 in, 2 blades, hub radius 0.400 in","model 0.5007 in^3 with the bore cut; file quotes 0.5346 in^3"
"8x375-PERF.PE0","8x3.75: radius 4.00 in, 2 blades, hub radius 0.450 in","model 0.4132 in^3 with the bore cut; file quotes 0.5871 in^3"
"8x37SFR-PC-PERF.PE0","8x3.7SFR: radius 4.00 in, 2 blades, hub radius 0.250 in","model 0.2383 in^3 with the bore cut; file quotes 0.2797 in^3"
"8x38SF-PERF.PE0","8x3.8SF: radius 4.00 in, 2 blades, hub radius 0.250 in","model 0.1820 in^3 with the bore cut; file quotes 0.2455 in^3"
"8x4-PERF.PE0","8x4: radius 4.00 in, 2 blades, hub radius 0.400 in","model 0.5539 in^3 with the bore cut; file quotes 0.6070 in^3"
"8x41SF-PERF.PE0","8x4.1SF: radius 4.00 in, 2 blades, hub radius 0.250 in","model 0.1307 in^3 with the bore cut; file quotes 0.1565 in^3"
"8x42SFR-PERF.PE0","8x4.2SFR: radius 4.00 in, 2 blades, hub radius 0.250 in","model 0.1384 in^3 with the bore cut; file quotes 0.1693 in^3"
"8x45MR-PERF.PE0","8x4.5MR: radius 4.00 in, 2 blades, hub radius 0.320 in","model 0.2984 in^3 with the bore cut; file quotes 0.3111 in^3"
"8x47SF-PERF.PE0","8x4.7SF: radius 4.00 in, 2 blades, hub radius 0.250 in","model 0.1823 in^3 with the bore cut; file quotes 0.2419 in^3"
"8x4E-PERF.PE0","8x4E: radius 4.00 in, 2 blades, hub radius 0.400 in","model 0.4821 in^3 with the bore cut; file quotes 0.5099 in^3"
"8x4F-PERF.PE0","8x4F: radius 4.00 in, 2 blades, hub radius 0.000 in","model 0.0523 in^3 with the bore cut; file quotes 0.2515 in^3"
"8x5-PERF.PE0","8x5: radius 4.00 in, 2 blades, hub radius 0.400 in","model 0.6682 in^3 with the bore cut; file quotes 0.7051 in^3"
"8x6-PERF.PE0","8x6: radius 4.00 in, 2 blades, hub radius 0.400 in","model 0.6256 in^3 with the bore cut; file quotes 0.6690 in^3"
"8x6E-PERF.PE0","8x6E: radius 4.00 in, 2 blades, hub radius 0.400 in","model 0.4658 in^3 with the bore cut; file quotes 0.5163 in^3"
"8x6SF-PERF.PE0","8x6SF: radius 4.00 in, 2 blades, hub radius 0.250 in","model 0.1808 in^3 with the bore cut; file quotes 0.2369 in^3"
"8x7-PERF.PE0","8x7: radius 4.00 in, 2 blades, hub radius 0.400 in","model 0.6670 in^3 with the bore cut; file quotes 0.7093 in^3"
"8x73-PERF.PE0","8x7.3: radius 4.00 in, 2 blades, hub radius 0.450 in","model 0.8548 in^3 with the bore cut; file quotes 0.9014 in^3"
"8x8-PERF.PE0","8x8: radius 4.00 in, 2 blades, hub radius 0.400 in","model 0.6642 in^3 with the bore cut; file quotes 0.7100 in^3"
"8x8E-PERF.PE0","8x8E: radius 4.00 in, 2 blades, hub radius 0.400 in","model 0.4999 in^3 with the bore cut; file quotes 0.5464 in^3"
"8x9-PERF.PE0","8x9: radius 4.00 in, 2 blades, hub radius 0.400 in","model 0.5869 in^3 with the bore cut; file quotes 0.6563 in^3"
"925x60-PERF.PE0","9.25x6.0: radius 4.62 in, 2 blades, hub radius 0.400 in","model 0.5596 in^3 with the bore cut; file quotes 0.5973 in^3"
"93x3-PERF.PE0","9.3x3: radius 4.65 in, 2 blades, hub radius 0.500 in","model 0.8167 in^3 with the bore cut; file quotes 0.9358 in^3"
"95x45-PERF.PE0","9.5x4.5: radius 4.75 in, 2 blades, hub radius 0.500 in","model 0.8740 in^3 with the bore cut; file quotes 1.0060 in^3"
"95x5MR-PERF.PE0","9.5x5MR: radius 4.75 in, 2 blades, hub radius 0.320 in","model 0.4137 in^3 with the bore cut; file quotes 0.4401 in^3"
"95x6-PERF.PE0","9.5x6: radius 4.75 in, 2 blades, hub radius 0.450 in","model 0.9393 in^3 with the bore cut; file quotes 0.9722 in^3"
"95x75N-PERF.PE0","9.5x7.5N: radius 4.75 in, 2 blades, hub radius 0.450 in","model 0.9157 in^3 with the bore cut; file quotes 1.0381 in^3"
"95x7N-PERF.PE0","9.5x7N: radius 4.75 in, 2 blades, hub radius 0.450 in","model 0.9297 in^3 with the bore cut; file quotes 1.0475 in^3"
"9625x375N-PERF.PE0","9.625x3.75N: radius 4.81 in, 2 blades, hub radius 0.450 in","model 0.6343 in^3 with the bore cut; file quotes 0.9152 in^3"
"9x10-PERF.PE0","9x10: radius 4.50 in, 2 blades, hub radius 0.400 in","model 0.6996 in^3 with the bore cut; file quotes 0.7465 in^3"
"9x3-PERF.PE0","9x3: radius 4.50 in, 2 blades, hub radius 0.500 in","model 0.8104 in^3 with the bore cut; file quotes 0.9296 in^3"
"9x37SF-PERF.PE0","9x3.7SF: radius 4.50 in, 2 blades, hub radius 0.250 in","model 0.1501 in^3 with the bore cut; file quotes 0.1786 in^3"
"9x38SF-PERF.PE0","9x3.8SF: radius 4.50 in, 2 blades, hub radius 0.250 in","model 0.2466 in^3 with the bore cut; file quotes 0.3164 in^3"
"9x39SFR-PC-PERF.PE0","9x3.9SFR: radius 4.50 in, 2 blades, hub radius 0.250 in","model 0.3290 in^3 with the bore cut; file quotes 0.3755 in^3"
"9x3N-PERF.PE0","9x3N: radius 4.50 in, 2 blades, hub radius 0.400 in","model 0.4939 in^3 with the bore cut; file quotes 0.5562 in^3"
"9x4-PERF.PE0","9x4: radius 4.50 in, 2 blades, hub radius 0.400 in","model 0.7993 in^3 with the bore cut; file quotes 0.8298 in^3"
"9x41SF-PERF.PE0","9x4.1SF: radius 4.50 in, 2 blades, hub radius 0.250 in","model 0.1510 in^3 with the bore cut; file quotes 0.1786 in^3"
"9x44SFR-PERF.PE0","9x4.4SFR: radius 4.50 in, 2 blades, hub radius 0.250 in","model 0.1942 in^3 with the bore cut; file quotes 0.2301 in^3"
"9x45E-PERF.PE0","9x4.5E: radius 4.50 in, 2 blades, hub radius 0.400 in","model 0.6124 in^3 with the bore cut; file quotes 0.6582 in^3"
"9x45MR-PERF.PE0","9x4.5MR: radius 4.50 in, 2 blades, hub radius 0.320 in","model 0.3865 in^3 with the bore cut; file quotes 0.4012 in^3"
"9x45MRF-RH-PERF.PE0","9x4.5MRF-RH: radius 4.50 in, 2 blades, hub radius 0.000 in","model 0.1201 in^3 with the bore cut; file quotes 0.3402 in^3"
"9x45R-RH-PERF.PE0","9x4.5R-RH: radius 4.50 in, 2 blades, hub radius 0.310 in","model 0.3681 in^3 with the bore cut; file quotes 0.4701 in^3"
"9x46SF-PERF.PE0","9x4.6SF: radius 4.50 in, 2 blades, hub radius 0.250 in","model 0.1509 in^3 with the bore cut; file quotes 0.1790 in^3"
"9x47SF-PERF.PE0","9x4.7SF: radius 4.50 in, 2 blades, hub radius 0.250 in","model 0.2458 in^3 with the bore cut; file quotes 0.3109 in^3"
"9x4M-LH-PERF.PE0","9x4M-LH: radius 4.48 in, 2 blades, hub radius 0.620 in","model 0.9906 in^3 with the bore cut; file quotes 1.1579 in^3"
"9x5-PERF.PE0","9x5: radius 4.50 in, 2 blades, hub radius 0.400 in","model 0.7559 in^3 with the bore cut; file quotes 0.8192 in^3"
"9x5F-PERF.PE0","9x5F: radius 4.50 in, 2 blades, hub radius 0.000 in","model 0.1009 in^3 with the bore cut; file quotes 0.3651 in^3"
"9x5M-JK-PERF.PE0","9x5M-JK: radius 4.50 in, 2 blades, hub radius 0.610 in","model 0.9479 in^3 with the bore cut; file quotes 1.1223 in^3"
"9x6-4-PERF.PE0","9x6-4: radius 4.50 in, 4 blades, hub radius 0.350 in","model 0.7450 in^3 with the bore cut; file quotes 0.7765 in^3"
"9x6-PERF.PE0","9x6: radius 4.50 in, 2 blades, hub radius 0.400 in","model 0.7577 in^3 with the bore cut; file quotes 0.8238 in^3"
"9x65-PERF.PE0","9x6.5: radius 4.50 in, 2 blades, hub radius 0.450 in","model 1.0216 in^3 with the bore cut; file quotes 1.0766 in^3"
"9x6E-PERF.PE0","9x6E: radius 4.50 in, 2 blades, hub radius 0.400 in","model 0.5627 in^3 with the bore cut; file quotes 0.6623 in^3"
"9x6N-PERF.PE0","9x6N: radius 4.50 in, 2 blades, hub radius 0.400 in","model 0.4654 in^3 with the bore cut; file quotes 0.6633 in^3"
"9x6SF-PERF.PE0","9x6SF: radius 4.50 in, 2 blades, hub radius 0.250 in","model 0.2597 in^3 with the bore cut; file quotes 0.3156 in^3"
"9x7-PERF.PE0","9x7: radius 4.50 in, 2 blades, hub radius 0.400 in","model 0.7759 in^3 with the bore cut; file quotes 0.8105 in^3"
"9x75-PERF.PE0","9x7.5: radius 4.50 in, 2 blades, hub radius 0.450 in","model 1.0195 in^3 with the bore cut; file quotes 1.0787 in^3"
"9x75E-PERF.PE0","9x7.5E: radius 4.50 in, 2 blades, hub radius 0.400 in","model 0.5641 in^3 with the bore cut; file quotes 0.6551 in^3"
"9x75SF-PERF.PE0","9x7.5SF: radius 4.50 in, 2 blades, hub radius 0.250 in","model 0.2613 in^3 with the bore cut; file quotes 0.3296 in^3"
"9x8-PERF.PE0","9x8: radius 4.50 in, 2 blades, hub radius 0.400 in","model 0.8432 in^3 with the bore cut; file quotes 0.8923 in^3"
"9x85-PERF.PE0","9x8.5: radius 4.50 in, 2 blades, hub radius 0.450 in","model 1.0163 in^3 with the bore cut; file quotes 1.0798 in^3"
"9x8E-3-PERF.PE0","9x8E-3: radius 4.50 in, 3 blades, hub radius 0.400 in","model 0.9114 in^3 with the bore cut; file quotes 0.9128 in^3"
"9x9-PERF.PE0","9x9: radius 4.50 in, 2 blades, hub radius 0.400 in","model 0.7896 in^3 with the bore cut; file quotes 0.8380 in^3"
"9x9E-PERF.PE0","9x9E: radius 4.50 in, 2 blades, hub radius 0.400 in","model 0.5524 in^3 with the bore cut; file quotes 0.6638 in^3"
"READ_ME_FIRST.txt","SKIPPED","No usable station table in .\READ_ME_FIRST.txt (found 0 rows, expected dozens)."
"clarky.dat","SKIPPED","No usable station table in .\clarky.dat (found 0 rows, expected dozens)."
