folder,source_file,model,megabytes,blades,diameter_in,pitch_in,hub_thickness_in,bore_in,model_volume_in3,file_volume_in3,volume_error_pct,model_mass_g,airfoil
10.5x4.5,105x45-PERF.PE0,hub and blades,13.24,2,10.5,4.5,0.4002,0.375,1.0541,1.1076,-4.8,29.37,CLARK-Y
10.5x6,105x6-PERF.PE0,hub and blades,13.19,2,10.5,6.0,0.4167,0.375,1.2381,1.2705,-2.5,34.49,CLARK-Y
10x10,10x10-PERF.PE0,hub and blades,12.97,2,10.0,10.0,0.3472,0.375,1.1541,1.2841,-10.1,32.15,CLARK-Y
10x10E,10x10E-PERF.PE0,hub and blades,12.99,2,10.0,10.0,0.3083,0.25,0.6588,0.7241,-9.0,18.35,E63 to APC12
10x10M-JK,10x10M-JK-PERF.PE0,hub and blades,12.94,2,9.88,10.2,0.3978,0.375,1.7193,1.8435,-6.7,47.9,APC12
10x12WE,10x12WE-PERF.PE0,hub and blades,13.13,2,10.0,12.1,0.3246,0.25,0.7334,0.7823,-6.3,20.43,E63 to APC12
10x14EP,10x14EP-PERF.PE0,hub and blades,12.71,2,10.0,14.0,0.3474,0.375,0.8318,0.9815,-15.3,23.17,E66 to APC12
10x14M-LH,10x14M-LH-PERF.PE0,hub and blades,12.95,2,9.88,14.0,0.3978,0.375,1.6935,1.8405,-8.0,47.18,APC12
10x3,10x3-PERF.PE0,hub and blades,13.03,2,10.0,3.0,0.3144,0.375,0.9058,0.9955,-9.0,25.23,CLARK-Y
10x3.8MRF-RH,10x38MRF-RH-PERF.PE0,"one blade, no hub",12.73,1,10.0,3.8,,,0.1431,0.1819,,3.99,E63 to APC12
10x3.8SF,10x38SF-PERF.PE0,hub and blades,13.45,2,10.0,3.8,0.0504,0.25,0.3423,0.4118,-16.9,9.54,E63 to APC12
10x4,10x4-PERF.PE0,hub and blades,13.06,2,10.0,4.0,0.4327,0.375,1.0779,1.0953,-1.6,30.03,CLARK-Y
10x4.5MR,10x45MR-PERF.PE0,hub and blades,13.18,2,10.0,4.5,0.3091,0.25,0.4961,0.5041,-1.6,13.82,E63 to APC12
10x4.5MRF-RH,10x45MRF-RH-PERF.PE0,"one blade, no hub",11.97,1,10.0,4.5004,,,0.1662,0.2355,,4.63,E63 to APC12
10x4.6SF,10x46SF-PERF.PE0,hub and blades,13.17,2,10.0,4.7,0.0897,0.25,0.2223,0.2608,-14.8,6.19,E63 to APC12
10x4.7SF,10x47SF-PERF.PE0,hub and blades,13.32,2,10.0,4.7,0.0468,0.25,0.3263,0.3813,-14.4,9.09,E63 to APC12
10x4M-LH,10x4M-LH-PERF.PE0,hub and blades,12.89,2,9.96,4.0,0.3859,0.375,1.2395,1.3615,-9.0,34.53,CLARK-Y
10x5,10x5-PERF.PE0,hub and blades,13.05,2,10.0,5.0,0.3499,0.375,0.9609,1.0508,-8.6,26.77,CLARK-Y
10x5.5MR,10x55MR-PERF.PE0,hub and blades,13.15,2,10.0,5.5,0.3091,0.25,0.4957,0.5053,-1.9,13.81,E63 to APC12
10x5.8EP,10x58EP(F2B)-PERF.PE0,hub and blades,12.89,2,10.0,5.9002,0.265,0.25,0.6401,0.6738,-5.0,17.83,E63 to APC12
10x5E,10x5E-PERF.PE0,hub and blades,12.91,2,10.0,5.0,0.32,0.25,0.6917,0.7111,-2.7,19.27,E63 to APC12
10x5M-LH,10x5M-LH-PERF.PE0,hub and blades,12.92,2,10.0,5.0,0.3859,0.375,1.1676,1.2398,-5.8,32.53,CLARK-Y
10x6,10x6-PERF.PE0,hub and blades,12.91,2,10.0,6.0,0.4166,0.375,1.0974,1.1279,-2.7,30.57,CLARK-Y
10x6-4,10x6-4-PERF.PE0,hub and blades,25.97,4,10.0,6.3985,0.2537,0.25,1.1486,1.2653,-9.2,32.0,CLARK-Y
10x6E,10x6E-PERF.PE0,hub and blades,13.08,2,10.0,6.0,0.3335,0.25,0.6855,0.7214,-5.0,19.1,E63 to APC12
10x6F,10x6F-PERF.PE0,"one blade, no hub",5.6,1,10.0,6.0,,,0.1566,0.3109,,4.36,E63 to APC12
10x7,10x7-PERF.PE0,hub and blades,12.86,2,10.0,7.0,0.4305,0.375,1.0837,1.1153,-2.8,30.19,CLARK-Y
10x7E,10x7E-PERF.PE0,hub and blades,13.09,2,10.0,7.0,0.3335,0.25,0.6836,0.7213,-5.2,19.04,E63 to APC12
10x7SF,10x7SF-PERF.PE0,hub and blades,13.37,2,10.0,7.0,0.0504,0.25,0.3504,0.4173,-16.0,9.76,E63 to APC12
10x8,10x8-PERF.PE0,hub and blades,12.97,2,10.0,8.0,0.4166,0.375,1.0587,1.0744,-1.5,29.49,CLARK-Y
10x8E,10x8E-PERF.PE0,hub and blades,13.11,2,10.0,8.0,0.3083,0.25,0.6702,0.7144,-6.2,18.67,E63 to APC12
10x8M-LH,10x8M-LH-PERF.PE0,hub and blades,12.92,2,9.88,8.0,0.3978,0.375,1.6828,1.7964,-6.3,46.88,APC12
10x9,10x9-PERF.PE0,hub and blades,12.94,2,10.0,9.0,0.375,0.375,1.0841,1.1447,-5.3,30.2,CLARK-Y
11.5x4,115x4-PERF.PE0,hub and blades,13.05,2,11.5,4.0,0.2712,0.375,1.2759,1.4754,-13.5,35.54,CLARK-Y
11.5x6,115x6-PERF.PE0,hub and blades,13.07,2,11.5,6.0,0.3902,0.375,1.5301,1.6756,-8.7,42.63,CLARK-Y
11x10,11x10-PERF.PE0,hub and blades,12.95,2,11.0,10.0,0.4753,0.375,1.4616,1.5269,-4.3,40.72,CLARK-Y
11x10E,11x10E-PERF.PE0,hub and blades,13.13,2,11.0,10.0,0.2784,0.25,0.7614,0.8431,-9.7,21.21,E63 to APC12
11x11,11x11-PERF.PE0,hub and blades,13.22,2,11.0,11.0,0.52,0.375,1.4554,1.5083,-3.5,40.54,CLARK-Y
11x12,11x12-PERF.PE0,hub and blades,13.13,2,11.0,12.0,0.52,0.375,1.4584,1.517,-3.9,40.63,CLARK-Y
11x12E,11x12E-PERF.PE0,hub and blades,13.17,2,11.0,12.1,0.3562,0.25,0.8653,0.9205,-6.0,24.1,E63 to APC12
11x12W,11x12W-PERF.PE0,hub and blades,13.15,2,11.0,12.0,0.4924,0.375,1.4797,1.5525,-4.7,41.22,CLARK-Y
11x13,11x13-PERF.PE0,hub and blades,13.06,2,11.0,13.0,0.4225,0.375,1.3076,1.4668,-10.9,36.43,CLARK-Y
11x13EP,11x13EP-PERF.PE0,hub and blades,13.14,2,11.0,13.0961,0.3562,0.25,0.8689,0.9196,-5.5,24.21,E63 to APC12
11x14,11x14-PERF.PE0,hub and blades,13.2,2,11.0,14.0,0.4225,0.375,1.2244,1.3885,-11.8,34.11,CLARK-Y
11x3,11x3-PERF.PE0,hub and blades,13.0,2,11.0,3.0,0.3386,0.375,1.3505,1.5318,-11.8,37.62,CLARK-Y
11x3.8SF,11x38SF-PERF.PE0,hub and blades,13.39,2,11.0,3.8,0.0504,0.25,0.4364,0.5136,-15.0,12.16,E63
11x4,11x4-PERF.PE0,hub and blades,12.99,2,11.0,4.0,0.3386,0.375,1.3551,1.5537,-12.8,37.75,CLARK-Y
11x4.5EP,11x45EP-PERF.PE0,hub and blades,13.15,2,11.0,4.5,0.355,0.25,0.896,0.9179,-2.4,24.96,E63 to APC12
11x4.5MR,11x45MR-PERF.PE0,hub and blades,13.22,2,11.0,4.5,0.3292,0.25,0.6167,0.6292,-2.0,17.18,E63 to APC12
11x4.6SF,11x46SF-PERF.PE0,hub and blades,13.14,2,11.0,4.7,0.0928,0.25,0.3359,0.3821,-12.1,9.36,E63 to APC12
11x4.7SF,11x47SF-PERF.PE0,hub and blades,13.58,2,11.0,4.7,0.0469,0.25,0.4177,0.4781,-12.6,11.64,E63
11x5,11x5-PERF.PE0,hub and blades,12.99,2,11.0,5.0,0.3063,0.375,1.2413,1.4486,-14.3,34.58,CLARK-Y
11x5.5E,11x55E-PERF.PE0,hub and blades,13.12,2,11.0,5.5,0.3452,0.25,0.8071,0.8541,-5.5,22.48,E63 to APC12
11x5.5MR,11x55MR-PERF.PE0,hub and blades,13.01,2,11.0,5.5,0.3292,0.25,0.6163,0.6304,-2.2,17.17,E63 to APC12
11x5.5R-RH,11x55R-RH-PERF.PE0,hub and blades,13.09,2,11.0,5.5001,0.0622,0.25,0.6021,0.7833,-23.1,16.77,APC16009R
11x6,11x6-PERF.PE0,hub and blades,12.95,2,11.0,6.0,0.3902,0.375,1.3648,1.5057,-9.4,38.02,CLARK-Y
11x6-4,11x6-4-PERF.PE0,hub and blades,25.44,4,11.0,6.2879,0.2537,0.25,1.5104,1.6331,-7.5,42.08,CLARK-Y
11x6M-LH,11x6M-LH-PERF.PE0,hub and blades,12.85,2,10.96,6.0,0.3859,0.375,1.5551,1.75,-11.1,43.32,CLARK-Y
11x7,11x7-PERF.PE0,hub and blades,12.95,2,11.0,7.0,0.3622,0.375,1.37,1.5215,-10.0,38.16,CLARK-Y
11x7E,11x7E-PERF.PE0,hub and blades,13.23,2,11.0,7.0,0.2784,0.25,0.7673,0.845,-9.2,21.37,E63 to APC12
11x7E-3,11x7E-3-PERF.PE0,hub and blades,20.06,3,11.0,6.5,0.2943,0.25,1.1172,1.1042,1.2,31.12,E66 to APC12
11x7SF,11x7SF-PERF.PE0,hub and blades,13.58,2,11.0,7.0,0.0504,0.25,0.4475,0.5182,-13.6,12.47,E63
11x8,11x8-PERF.PE0,hub and blades,12.91,2,11.0,8.0,0.3622,0.375,1.3709,1.5499,-11.5,38.19,CLARK-Y
11x8.5E,11x85E-PERF.PE0,hub and blades,13.25,2,11.0,8.5,0.2784,0.25,0.7554,0.8328,-9.3,21.04,E63 to APC12
11x8E,11x8E-PERF.PE0,hub and blades,13.19,2,11.0,8.0038,0.2784,0.25,0.7568,0.8311,-8.9,21.08,E63 to APC12
11x8F,11x8F-PERF.PE0,"one blade, no hub",11.38,1,11.0,8.0,,,0.2239,0.4125,,6.24,E63 to APC12
11x9,11x9-PERF.PE0,hub and blades,12.94,2,11.0,9.0,0.4225,0.375,1.3727,1.5148,-9.4,38.24,CLARK-Y
11x9-4,11x9-4-PERF.PE0,hub and blades,25.21,4,11.0,9.7384,0.2615,0.25,1.3764,1.5665,-12.1,38.34,CLARK-Y
12.25x3.75,1225x375-PERF.PE0,hub and blades,13.06,2,12.25,3.75,0.2315,0.375,1.3848,1.5652,-11.5,38.58,CLARK-Y
12.5x10,125x10-PERF.PE0,hub and blades,13.17,2,12.5,10.0,0.4959,0.375,1.8723,1.9217,-2.6,52.16,CLARK-Y
12.5x6,125x6-PERF.PE0,hub and blades,13.0,2,12.5,6.0,0.4,0.375,1.8748,1.9398,-3.4,52.23,CLARK-Y
12x10,12x10-PERF.PE0,hub and blades,13.15,2,12.0,10.0,0.45,0.375,1.6128,1.6678,-3.3,44.93,CLARK-Y
12x10E,12x10E-PERF.PE0,hub and blades,13.06,2,12.0,10.0,0.345,0.25,0.9071,0.9565,-5.2,25.27,E63 to APC12
12x10W,12x10W-PERF.PE0,hub and blades,13.19,2,12.0,10.0,0.421,0.375,1.7297,1.7844,-3.1,48.19,CLARK-Y
12x11,12x11-PERF.PE0,hub and blades,13.15,2,12.0,11.0,0.45,0.375,1.609,1.6698,-3.6,44.82,CLARK-Y
12x12,12x12-PERF.PE0,hub and blades,13.14,2,12.0,12.0,0.45,0.375,1.7469,1.8269,-4.4,48.66,CLARK-Y
12x12E,12x12E-PERF.PE0,hub and blades,13.12,2,12.0,12.0,0.335,0.25,0.9048,0.9703,-6.8,25.21,E63 to APC12
12x12N,12x12N-PERF.PE0,hub and blades,13.08,2,12.0,12.0,0.3989,0.375,1.5599,1.7033,-8.4,43.46,CLARK-Y
12x13,12x13-PERF.PE0,hub and blades,13.02,2,12.0,13.0,0.45,0.375,1.5864,1.6609,-4.5,44.19,CLARK-Y
12x13N,12x13N-PERF.PE0,hub and blades,13.11,2,12.0,13.0,0.4443,0.375,1.5863,1.6827,-5.7,44.19,CLARK-Y
12x14,12x14-PERF.PE0,hub and blades,13.13,2,12.0,14.0,0.45,0.375,1.5744,1.6575,-5.0,43.86,CLARK-Y
12x3.8SF,12x38SF-PERF.PE0,hub and blades,13.27,2,12.0,3.8,0.0504,0.25,0.5497,0.6342,-13.3,15.31,E63
12x4,12x4-PERF.PE0,hub and blades,13.09,2,12.0,4.0,0.387,0.375,1.4886,1.5358,-3.1,41.47,CLARK-Y
12x4.5MR,12x45MR-PERF.PE0,hub and blades,13.26,2,12.0,4.5,0.329,0.25,0.7685,0.7911,-2.9,21.41,E63 to APC12
12x4.5MRF-RH,12x45MRF-RH-PERF.PE0,"one blade, no hub",12.01,1,12.0,4.5004,,,0.2592,0.3556,,7.22,E63 to APC12
12x4.7SF,12x47SF-PERF.PE0,hub and blades,13.26,2,12.0,4.7,0.0504,0.25,0.5499,0.6299,-12.7,15.32,E63
12x5,12x5-PERF.PE0,hub and blades,13.14,2,12.0,5.0,0.387,0.375,1.4983,1.5387,-2.6,41.74,CLARK-Y
12x5.5MR,12x55MR-PERF.PE0,hub and blades,13.3,2,12.0,5.5,0.329,0.25,0.7681,0.7923,-3.0,21.4,E63 to APC12
12x5.8SF,12x58SF-PERF.PE0,hub and blades,13.23,2,12.0,5.7,0.0928,0.25,0.4273,0.4854,-12.0,11.9,E63 to APC12
12x6,12x6-PERF.PE0,hub and blades,13.15,2,12.0,6.0,0.4,0.375,1.6842,1.7461,-3.5,46.92,CLARK-Y
12x6E,12x6E-PERF.PE0,hub and blades,13.08,2,12.0,6.0,0.335,0.25,0.928,0.9722,-4.5,25.85,E63 to APC12
12x6EP,12x6EP(F2B)-PERF.PE0,hub and blades,13.18,2,12.0,6.0,0.285,0.25,0.8012,0.8314,-3.6,22.32,E63 to APC12
12x6SF,12x6SF-PERF.PE0,hub and blades,13.32,2,12.0,6.0,0.0504,0.25,0.5582,0.6394,-12.7,15.55,E63 to APC12
12x7,12x7-PERF.PE0,hub and blades,13.12,2,12.0,7.0,0.385,0.375,1.5976,1.6363,-2.4,44.51,CLARK-Y
12x7E-3,12x7E-3-PERF.PE0,hub and blades,19.71,3,12.0,7.0,0.3033,0.25,1.4225,1.4129,0.7,39.63,E66 to APC12
12x8,12x8-PERF.PE0,hub and blades,13.16,2,12.0,8.0,0.3677,0.375,1.5831,1.7888,-11.5,44.1,CLARK-Y
12x8.5F,12x85F-PERF.PE0,"one blade, no hub",12.36,1,12.0,8.5,,,0.2875,0.5206,,8.01,E63 to APC12
12x8E,12x8E-PERF.PE0,hub and blades,13.01,2,12.0,8.0,0.3856,0.25,0.9234,0.9566,-3.5,25.72,E63 to APC12
12x8SF,12x8SF-PERF.PE0,hub and blades,13.39,2,12.0,8.0,0.0504,0.25,0.5656,0.6489,-12.8,15.76,E63 to APC12
12x9,12x9-PERF.PE0,hub and blades,13.17,2,12.0,9.0,0.44,0.375,1.5946,1.6484,-3.3,44.42,CLARK-Y
12x9W,12x9W-PERF.PE0,hub and blades,13.1,2,12.0,9.0,0.46,0.375,2.0236,2.0992,-3.6,56.37,CLARK-Y
13.5x10,135x10-PERF.PE0,hub and blades,13.18,2,13.5,10.0,0.4807,0.375,2.0554,2.2178,-7.3,57.26,CLARK-Y
13.5x13.5,135x135-PERF.PE0,hub and blades,13.16,2,13.5,13.5,0.53,0.375,2.3087,2.4161,-4.4,64.32,CLARK-Y
13.5x14,135x14-PERF.PE0,hub and blades,13.28,2,13.5,14.0,0.53,0.375,2.5019,2.4985,0.1,69.7,CLARK-Y
13.5x9,135x9-PERF.PE0,hub and blades,13.24,2,13.5,9.0,0.4589,0.375,1.7431,1.7976,-3.0,48.56,CLARK-Y
13x10,13x10-PERF.PE0,hub and blades,13.09,2,12.95,10.0,0.5167,0.375,2.1089,2.1571,-2.2,58.75,CLARK-Y
13x10E,13x10E-PERF.PE0,hub and blades,13.01,2,12.95,10.0,0.33,0.25,1.0606,1.11,-4.5,29.54,E63 to APC12
13x10F,13x10F-PERF.PE0,"one blade, no hub",11.94,1,13.0,10.0,,,0.3568,0.5782,,9.94,E63 to APC12
13x11,13x11-PERF.PE0,hub and blades,13.18,2,13.0,11.0,0.466,0.375,2.0471,2.1464,-4.6,57.03,CLARK-Y
13x13.5N,13x135N-PERF.PE0,hub and blades,13.18,2,13.0,13.5,0.405,0.375,1.6966,1.8539,-8.5,47.26,CLARK-Y
13x13N,13x13N-PERF.PE0,hub and blades,13.15,2,13.0,13.0,0.4657,0.375,1.9033,2.0091,-5.3,53.02,CLARK-Y
13x14,13x14-PERF.PE0,hub and blades,13.08,2,12.95,14.0,0.5243,0.375,2.3186,2.4058,-3.6,64.59,CLARK-Y
13x4,13x4-PERF.PE0,hub and blades,13.04,2,12.9,4.0,0.407,0.375,1.8257,1.8776,-2.8,50.86,CLARK-Y
13x4.5EP,13x45EP(F2B)-PERF.PE0,hub and blades,13.24,2,12.95,4.5,0.285,0.25,0.8885,0.906,-1.9,24.75,E63 to APC12
13x4.5MR,13x45MR-PERF.PE0,hub and blades,13.56,2,12.95,4.5,0.3373,0.25,0.8524,0.8792,-3.1,23.75,E63 to APC12
13x4.7SF,13x47SF-PERF.PE0,hub and blades,13.29,2,12.95,4.7,0.0538,0.25,0.6811,0.7751,-12.1,18.97,E63 to APC12
13x4E,13x4E-PERF.PE0,hub and blades,13.22,2,12.95,4.0,0.35,0.25,1.0655,1.1026,-3.4,29.68,E63 to APC12
13x4W,13x4W-PERF.PE0,hub and blades,13.17,2,13.0,4.2801,0.2139,0.375,1.5192,1.7106,-11.2,42.32,CLARK-Y
13x5.5E,13x55E-PERF.PE0,hub and blades,13.44,2,12.95,5.5,0.35,0.25,1.152,1.1847,-2.8,32.09,E63 to APC12
13x5.5MR,13x55MR-PERF.PE0,hub and blades,13.54,2,12.95,5.5,0.3373,0.25,0.8523,0.8803,-3.2,23.74,E63 to APC12
13x5.5MRF-RH,13x55MRF-RH-PERF.PE0,"one blade, no hub",12.58,1,13.0,5.501,,,0.3414,0.4571,,9.51,E63 to APC12
13x6,13x6-PERF.PE0,hub and blades,13.05,2,12.96,6.0,0.387,0.375,1.7199,1.7832,-3.5,47.91,CLARK-Y
13x6.5E,13x65E(F2B)-PERF.PE0,hub and blades,13.12,2,12.95,6.5,0.285,0.25,0.8865,0.91,-2.6,24.69,E63 to APC12
13x7,13x7-PERF.PE0,hub and blades,13.21,2,13.0,7.0,0.387,0.375,1.7175,1.7862,-3.8,47.85,CLARK-Y
13x7F,13x7F-PERF.PE0,"one blade, no hub",11.94,1,13.0,7.0,,,0.3568,0.5782,,9.94,E63 to APC12
13x8,13x8-PERF.PE0,hub and blades,13.04,2,12.95,8.0,0.387,0.375,1.7199,1.7949,-4.2,47.91,CLARK-Y
13x8E,13x8E-PERF.PE0,hub and blades,13.04,2,12.95,8.0,0.325,0.25,1.0707,1.129,-5.2,29.83,E63 to APC12
13x9,13x9-PERF.PE0,hub and blades,13.17,2,12.95,9.0,0.487,0.375,2.3028,2.3484,-1.9,64.15,CLARK-Y
14x10,14x10-PERF.PE0,hub and blades,13.11,2,14.0,10.0,0.51,0.375,2.6231,2.7022,-2.9,73.07,CLARK-Y
14x10E,14x10E-PERF.PE0,hub and blades,13.32,2,14.0,10.0,0.333,0.25,1.212,1.2734,-4.8,33.76,E63 to APC12
14x10F,14x10F-PERF.PE0,"one blade, no hub",11.9,1,13.85,10.0,,,0.4502,0.6983,,12.54,E63 to APC12
14x11,14x11-PERF.PE0,hub and blades,13.12,2,14.0,11.0,0.48,0.375,2.5781,2.6694,-3.4,71.82,CLARK-Y
14x12,14x12-PERF.PE0,hub and blades,13.11,2,14.0,12.0,0.525,0.375,2.6601,2.7485,-3.2,74.11,CLARK-Y
14x12E,14x12E-PERF.PE0,hub and blades,13.31,2,14.0,12.0,0.35,0.25,1.2319,1.2946,-4.8,34.32,E63 to APC12
14x12N,14x12N-PERF.PE0,hub and blades,13.18,2,14.0,12.0,0.5047,0.375,2.225,2.3826,-6.6,61.98,CLARK-Y
14x13,14x13-PERF.PE0,hub and blades,13.17,2,14.0,13.0,0.543,0.375,2.4013,2.4528,-2.1,66.9,CLARK-Y
14x13.5,14x135-PERF.PE0,hub and blades,13.16,2,14.0,13.5,0.543,0.375,2.3758,2.4326,-2.3,66.18,CLARK-Y
14x13M,14x13M-PERF.PE0,hub and blades,13.14,2,14.0,13.0,0.3545,0.375,2.9948,3.3113,-9.6,83.43,CLARK-Y
14x13N,14x13N-PERF.PE0,hub and blades,13.11,2,14.0,13.0,0.5223,0.375,2.319,2.4329,-4.7,64.6,CLARK-Y
14x14,14x14-PERF.PE0,hub and blades,13.13,2,14.0,14.0,0.543,0.375,2.4347,2.52,-3.4,67.83,CLARK-Y
14x14E,14x14E-PERF.PE0,hub and blades,13.15,2,14.0,14.0,0.35,0.25,1.2253,1.2976,-5.6,34.13,E63 to APC12
14x14N,14x14N-PERF.PE0,hub and blades,13.13,2,14.0,14.0,0.5223,0.375,2.2975,2.4126,-4.8,64.01,CLARK-Y
14x17M,14x17M-PERF.PE0,hub and blades,13.11,2,14.0,17.0,0.2934,0.375,3.1013,3.6441,-14.9,86.4,CLARK-Y
14x4.7SF,14x47SF-PERF.PE0,hub and blades,13.36,2,14.0,4.7,0.0538,0.25,0.8112,0.9118,-11.0,22.6,E63 to APC12
14x4W,14x4W-PERF.PE0,hub and blades,13.39,2,14.0,4.277,0.2139,0.375,1.853,2.1091,-12.1,51.62,CLARK-Y
14x5.5MR,14x55MR-PERF.PE0,hub and blades,13.62,2,14.0,5.5,0.3375,0.25,1.0456,1.0827,-3.4,29.13,E63 to APC12
14x5N,14x5N-PERF.PE0,hub and blades,13.38,2,14.0,5.0,0.4,0.375,1.732,1.7931,-3.4,48.25,CLARK-Y
14x6,14x6-PERF.PE0,hub and blades,13.0,2,14.0,6.0,0.49,0.375,2.5831,2.6336,-1.9,71.96,CLARK-Y
14x6E,14x6E-PERF.PE0,hub and blades,13.24,2,14.0,6.0,0.365,0.25,1.2128,1.2673,-4.3,33.79,E63 to APC12
14x7,14x7-PERF.PE0,hub and blades,13.1,2,14.0,7.0,0.6512,0.375,2.7893,2.8059,-0.6,77.7,CLARK-Y
14x7E,14x7E-PERF.PE0,hub and blades,13.22,2,14.0,7.0,0.365,0.25,1.2095,1.2669,-4.5,33.7,E63 to APC12
14x8,14x8-PERF.PE0,hub and blades,13.13,2,14.0,8.0,0.54,0.375,2.5177,2.5699,-2.0,70.14,CLARK-Y
14x8.5E,14x85E-PERF.PE0,hub and blades,13.25,2,14.0,8.5,0.39,0.25,1.2163,1.3487,-9.8,33.88,E63 to APC12
15.5x12-4,155x12-4-PERF.PE0,hub and blades,26.83,4,15.5,12.0,0.4504,0.25,3.8577,4.5292,-14.8,107.47,CLARK-Y
15.75x13-3,1575x13-3-PERF.PE0,hub and blades,19.64,3,15.75,13.0,0.4394,0.375,4.0451,4.365,-7.3,112.69,CLARK-Y
15x10,15x10-PERF.PE0,hub and blades,13.27,2,15.0,10.0,0.612,0.375,3.1713,3.2549,-2.6,88.35,CLARK-Y
15x10E,15x10E-PERF.PE0,hub and blades,13.04,2,15.0,10.0,0.36,0.375,1.5303,1.5966,-4.2,42.63,E63 to APC12
15x11,15x11-PERF.PE0,hub and blades,13.27,2,15.0,11.0,0.612,0.375,3.1711,3.2632,-2.8,88.34,CLARK-Y
15x12,15x12-PERF.PE0,hub and blades,13.28,2,15.0,12.0,0.612,0.375,3.1677,3.2684,-3.1,88.25,CLARK-Y
15x12E,15x12E-PERF.PE0,"one blade, no hub",5.8,1,15.0,12.0,,,0.5458,0.7094,,15.21,E63 to APC12
15x13.5-3,15x135-3-PERF.PE0,hub and blades,19.33,3,15.0,13.4999,0.3995,0.5,3.2034,3.6322,-11.8,89.24,CLARK-Y
15x4E,15x4E-PERF.PE0,hub and blades,13.18,2,15.0,4.0,0.4,0.375,1.5841,1.6316,-2.9,44.13,E63 to APC12
15x4W,15x4W-PERF.PE0,hub and blades,13.24,2,15.0,4.2819,0.246,0.375,2.3301,2.5281,-7.8,64.91,CLARK-Y
15x5.5MR,15x55MR-PERF.PE0,hub and blades,13.3,2,15.0,5.5,0.305,0.25,1.2975,1.3347,-2.8,36.14,E63 to APC12
15x6,15x6-PERF.PE0,hub and blades,13.29,2,15.0,6.0,0.4351,0.375,2.6539,2.7297,-2.8,73.93,CLARK-Y
15x6E,15x6E-PERF.PE0,hub and blades,13.09,2,15.0,6.0,0.365,0.375,1.5503,1.6101,-3.7,43.19,E63 to APC12
15x7,15x7-PERF.PE0,hub and blades,13.27,2,15.0,7.0,0.4351,0.375,2.6683,2.7223,-2.0,74.33,CLARK-Y
15x7E,15x7E-PERF.PE0,hub and blades,13.11,2,15.0,7.0,0.345,0.375,1.5298,1.5963,-4.2,42.62,E63 to APC12
15x8,15x8-PERF.PE0,hub and blades,13.26,2,15.0,8.0,0.612,0.375,3.1396,3.1835,-1.4,87.46,CLARK-Y
15x8E,15x8E-PERF.PE0,hub and blades,13.11,2,15.0,8.0,0.345,0.375,1.5264,1.5971,-4.4,42.52,E63 to APC12
16x10,16x10-PERF.PE0,hub and blades,13.19,2,16.0,10.0,0.6142,0.375,3.6013,3.813,-5.6,100.32,CLARK-Y
16x10E,16x10E-PERF.PE0,hub and blades,13.19,2,16.0,10.0,0.37,0.375,1.7696,1.8716,-5.5,49.3,E63 to APC12
16x12,16x12-PERF.PE0,hub and blades,13.19,2,16.0,12.0,0.6142,0.375,3.5854,3.7845,-5.3,99.88,CLARK-Y
16x12E,16x12E-PERF.PE0,hub and blades,13.37,2,16.0,12.0,0.375,0.375,1.7632,1.8833,-6.4,49.12,E63 to APC12
16x13,16x13-PERF.PE0,hub and blades,13.2,2,16.0,13.0,0.6142,0.375,3.6005,3.8348,-6.1,100.3,CLARK-Y
16x14,16x14-PERF.PE0,hub and blades,13.22,2,16.0,14.0,0.6142,0.375,3.6178,3.8367,-5.7,100.19,CLARK-Y
16x16,16x16-PERF.PE0,hub and blades,13.21,2,16.0,16.0,0.6142,0.375,3.6208,3.8395,-5.7,100.87,CLARK-Y
16x4E,16x4E-PERF.PE0,hub and blades,13.24,2,16.0,4.0,0.43,0.375,2.0058,2.0506,-2.2,55.88,E63 to APC12
16x4W,16x4W-PERF.PE0,hub and blades,13.41,2,16.0,4.2765,0.4561,0.375,3.1871,3.3287,-4.3,88.79,CLARK-Y
16x5.5MR,16x55MR-PERF.PE0,hub and blades,13.59,2,16.0,5.5,0.305,0.25,1.5512,1.591,-2.5,43.21,E63 to APC12
16x6,16x6-PERF.PE0,hub and blades,13.25,2,16.0,6.0,0.49,0.375,3.3248,3.3964,-2.1,92.62,CLARK-Y
16x6E,16x6E-PERF.PE0,hub and blades,13.23,2,16.0,6.0,0.4285,0.375,1.8159,1.8933,-4.1,50.59,E63 to APC12
16x7,16x7-PERF.PE0,hub and blades,13.2,2,16.0,7.0,0.5752,0.375,3.4296,3.4817,-1.5,95.54,CLARK-Y
16x7E,16x7E(3D)-PERF.PE0,hub and blades,13.28,2,16.0,7.0,0.2675,0.375,1.51,1.659,-9.0,42.07,E63 to APC12
16x8,16x8-PERF.PE0,hub and blades,13.21,2,16.0,8.0,0.6142,0.375,3.5682,3.676,-2.9,99.4,CLARK-Y
16x8E,16x8E-PERF.PE0,hub and blades,13.21,2,16.0,8.0,0.375,0.375,1.7731,1.8727,-5.3,49.39,E63 to APC12
17x10,17x10-PERF.PE0,hub and blades,13.24,2,16.95,10.0,0.5275,0.375,3.9669,4.262,-6.9,110.51,CLARK-Y
17x10E,17x10E-PERF.PE0,hub and blades,13.4,2,16.95,10.0,0.415,0.375,2.1345,2.3245,-8.2,59.46,E63 to APC12
17x10N,17x10N-PERF.PE0,hub and blades,13.36,2,17.0,10.0,0.4108,0.375,3.2322,3.6662,-11.8,90.04,CLARK-Y
17x10WE,17x10WE-PERF.PE0,hub and blades,13.36,2,16.95,10.0,0.41,0.375,2.6873,2.9048,-7.5,74.86,E63 to APC12
17x12E,17x12E-PERF.PE0,hub and blades,13.46,2,16.95,12.0,0.425,0.375,2.1262,2.3572,-9.8,59.23,E63 to APC12
17x12W,17x12W-PERF.PE0,hub and blades,12.99,2,16.95,12.0,0.6142,0.375,4.6656,4.8796,-4.4,129.97,CLARK-Y
17x13,17x13-PERF.PE0,hub and blades,12.99,2,16.95,13.0,0.6142,0.375,4.2103,4.4135,-4.6,117.29,CLARK-Y
17x4W,17x4W-PERF.PE0,hub and blades,13.27,2,16.95,4.2814,0.2674,0.375,3.3302,3.5377,-5.9,92.77,CLARK-Y
17x6,17x6-PERF.PE0,hub and blades,13.41,2,16.95,6.0,0.5275,0.375,3.8662,4.1424,-6.7,107.71,CLARK-Y
17x6E,17x6E-PERF.PE0,hub and blades,13.35,2,16.95,6.0,0.42,0.375,2.1616,2.3324,-7.3,60.22,E63 to APC12
17x7E,17x7E-PERF.PE0,hub and blades,13.43,2,16.95,7.0,0.42,0.375,2.156,2.3334,-7.6,60.06,E63 to APC12
17x8,17x8-PERF.PE0,hub and blades,13.42,2,16.95,8.0,0.5275,0.375,3.9312,4.2145,-6.7,109.51,CLARK-Y
17x8E,17x8E-PERF.PE0,hub and blades,13.37,2,16.95,8.0,0.415,0.375,2.1462,2.3266,-7.8,59.79,E63 to APC12
17x8N,17x8N-PERF.PE0,hub and blades,13.44,2,17.0,8.0,0.4108,0.375,3.0903,3.4961,-11.6,86.09,CLARK-Y
18.1x10,181x10-PERF.PE0,hub and blades,13.43,2,18.1,10.0,0.6817,0.375,4.8305,4.8977,-1.4,134.57,CLARK-Y
18.1x12,181x12-PERF.PE0,hub and blades,13.46,2,18.1,12.0,0.6817,0.375,4.63,4.6496,-0.4,128.98,CLARK-Y
18x10,18x10-PERF.PE0,hub and blades,13.37,2,18.0,10.0859,0.45,0.5,4.4735,4.6434,-3.7,124.62,CLARK-Y
18x10E,18x10E-PERF.PE0,hub and blades,13.48,2,18.0,10.0,0.375,0.375,2.4501,2.6097,-6.1,68.25,E63 to APC12
18x12,18x12-PERF.PE0,hub and blades,13.33,2,18.0,12.1031,0.5,0.5,4.612,4.8261,-4.4,128.48,CLARK-Y
18x12E,18x12E-PERF.PE0,hub and blades,13.36,2,18.0,12.0,0.385,0.375,2.4535,2.6261,-6.6,68.35,E63 to APC12
18x12WE,18x12WE-PERF.PE0,hub and blades,13.48,2,18.0,12.0,0.38,0.375,2.7156,2.9024,-6.4,75.65,E63 to APC12
18x14,18x14-PERF.PE0,hub and blades,13.32,2,18.0,14.1146,0.5241,0.5,4.6552,5.0671,-8.1,129.68,CLARK-Y
18x5.5MR,18x55MR-PERF.PE0,hub and blades,13.18,2,18.0,5.5,0.34,0.375,2.2158,2.2572,-1.8,61.73,E63 to APC12
18x6W,18x6W-PERF.PE0,hub and blades,13.37,2,18.0,6.0,0.45,0.5,4.4484,4.5495,-2.2,123.92,CLARK-Y
18x7WP,18x7WP-PERF.PE0,hub and blades,13.34,2,18.0,7.0,0.45,0.5,4.4496,4.5635,-2.5,123.96,CLARK-Y
18x8,18x8-PERF.PE0,hub and blades,13.31,2,18.0,8.0859,0.45,0.5,4.4644,4.5847,-2.6,124.37,CLARK-Y
18x8E,18x8E-PERF.PE0,hub and blades,13.43,2,18.0,8.0,0.395,0.375,2.4799,2.6282,-5.6,69.09,E63 to APC12
18x8W,18x8W-PERF.PE0,hub and blades,13.12,2,18.0,8.3005,0.2845126486648186,0.5,4.2329,5.0932,-16.9,117.92,CLARK-Y
19x10E,19x10E-PERF.PE0,hub and blades,13.47,2,19.0,10.0,0.385,0.375,2.7959,2.9711,-5.9,77.89,E63 to APC12
19x11,19x11-PERF.PE0,hub and blades,13.13,2,19.0,11.0,0.6139,0.375,4.6807,4.9294,-5.0,130.4,CLARK-Y
19x12E,19x12E-PERF.PE0,hub and blades,13.46,2,19.0,12.0,0.38,0.375,2.7762,2.9633,-6.3,77.34,E63 to APC12
19x12WE,19x12WE-PERF.PE0,hub and blades,13.45,2,19.0,12.0,0.43,0.375,3.791,4.0339,-6.0,105.61,E63 to APC12
19x8E,19x8E-PERF.PE0,hub and blades,13.39,2,19.0,8.0,0.41,0.375,2.8569,3.0218,-5.5,79.59,E63 to APC12
19x8W,19x8W-PERF.PE0,hub and blades,26.67,2,19.0,8.2998,0.26291731647638805,0.5,4.727,5.7899,-18.4,131.68,CLARK-Y
20.5x10.5PN,205x105PN-PERF.PE0,hub and blades,13.48,2,20.5,11.4175,0.7,0.375,6.23,6.2368,-0.1,173.56,CLARK-Y
20.5x10.5WPN,205x105WPN-PERF.PE0,hub and blades,13.47,2,20.5,10.6481,0.498,0.375,5.6319,6.2519,-9.9,156.89,CLARK-Y
20.5x10PN,205x10PN-PERF.PE0,hub and blades,13.48,2,20.5,10.2,0.7,0.375,6.23,6.2368,-0.1,173.56,CLARK-Y
20.5x12WE,205x12WE-PERF.PE0,hub and blades,13.53,2,20.5,12.0,0.4,0.375,4.4021,4.7394,-7.1,122.63,E63 to APC12
20.5x13.5EPN,205x135EPN-PERF.PE0,hub and blades,13.55,2,20.5,13.5,0.37,0.375,3.2869,3.5611,-7.7,91.57,E63 to APC12
20.5x14E,205x14E-PERF.PE0,hub and blades,13.56,2,20.5,14.0,0.5,0.375,4.1439,4.4421,-6.7,115.44,E63 to APC12
20.5x14EPN,205x14EPN-PERF.PE0,hub and blades,13.51,2,20.5,14.0,0.37,0.375,3.2789,3.5396,-7.4,91.34,E63 to APC12
20.5x20.5E,205x205E(CD)-PERF.PE0,hub and blades,13.06,2,20.7,20.5,0.3377,0.375,3.0479,3.1771,-4.1,84.91,E63 to APC12
20x10,20x10-PERF.PE0,hub and blades,13.29,2,20.0,10.0573,0.5546,0.5,6.1849,6.5496,-5.6,172.3,CLARK-Y
20x10.5PN,20x105PN-PERF.PE0,hub and blades,13.36,2,20.0,10.5,0.7,0.375,5.7289,5.7384,-0.2,159.59,CLARK-Y
20x10E,20x10E-PERF.PE0,hub and blades,13.48,2,20.0,10.0,0.41,0.375,3.2625,3.5139,-7.2,90.89,E63 to APC12
20x10PN,20x10PN-PERF.PE0,hub and blades,13.35,2,20.0,10.0,0.7,0.375,6.116,6.1319,-0.3,170.38,CLARK-Y
20x10W,20x10W-PERF.PE0,hub and blades,26.54,2,20.0,10.375,0.3423991841516941,0.5,5.9895,6.9778,-14.2,166.86,CLARK-Y
20x11E,20x11E-PERF.PE0,hub and blades,13.44,2,20.0,11.0,0.415,0.375,3.3197,3.5695,-7.0,92.48,E63 to APC12
20x12,20x12-PERF.PE0,hub and blades,13.2,2,20.0,12.0573,0.5546,0.5,6.1848,6.7251,-8.0,172.3,CLARK-Y
20x12WE,20x12WE-PERF.PE0,hub and blades,13.5,2,20.0,12.0,0.42,0.375,3.7153,4.0471,-8.2,103.5,E63 to APC12
20x13E,20x13E-PERF.PE0,hub and blades,13.51,2,20.0,13.0,0.42,0.375,3.27,3.5439,-7.7,91.1,E63 to APC12
20x14,20x14-PERF.PE0,hub and blades,13.13,2,20.0,14.1203,0.4251,0.5,5.5663,6.7599,-17.7,155.07,CLARK-Y
20x15,20x15(WCAR-T6)-PERF.PE0,hub and blades,12.94,2,20.0,16.8618,0.9936,0.5,7.5785,7.2284,4.8,161.45,AS-16 to AS-9
20x15C,20x15C-PERF.PE0,hub and blades,13.32,2,20.0,15.1764,0.5029,0.5,5.9471,6.7568,-12.0,131.56,CLARK-Y
20x15E,20x15E-PERF.PE0,hub and blades,13.56,2,20.0,15.0,0.42,0.375,3.2664,3.5347,-7.6,91.0,E63 to APC12
20x18,20x18(F1-GT)-PERF.PE0,hub and blades,13.22,2,20.0,19.206,1.0201,0.5,7.7711,7.8546,-1.1,127.33,N-22A to FS-9D
20x22.5EP,20x225EP(CD)-PERF.PE0,hub and blades,13.27,2,20.0,22.5,0.39,0.5,3.3655,3.4828,-3.4,93.76,E63 to APC12
20x8,20x8-PERF.PE0,hub and blades,13.25,2,20.0,8.0688,0.5546,0.5,6.1634,6.4423,-4.3,171.7,CLARK-Y
20x8E,20x8E-PERF.PE0,hub and blades,13.38,2,20.0,8.0,0.41,0.375,3.2979,3.5178,-6.3,91.87,E63 to APC12
20x8W,20x8W-PERF.PE0,hub and blades,13.17,2,20.0,8.2947,0.32142312460189654,0.5,5.8793,6.8251,-13.9,163.79,CLARK-Y
21.5x10.5PN,215x105PN-PERF.PE0,hub and blades,13.43,2,21.52,10.512,0.4983,0.375,5.58,6.0691,-8.1,155.45,CLARK-Y
21.5x10WPN,215x10WPN-PERF.PE0,hub and blades,13.24,2,21.52,10.3,0.5552,0.375,5.5675,6.149,-9.5,155.1,CLARK-Y
21.5x13EPN,215x13EPN-PERF.PE0,hub and blades,13.44,2,21.5,13.0,0.37,0.375,3.6867,3.9705,-7.1,102.7,E63 to APC12
21x10.5PN,21x105PN-PERF.PE0,hub and blades,13.4,2,21.0,10.5972,0.5676,0.375,5.5715,5.927,-6.0,155.21,CLARK-Y
21x10PN,21x10PN-PERF.PE0,hub and blades,13.39,2,21.0,10.2059,0.4983,0.375,5.5501,6.0657,-8.5,154.61,CLARK-Y
21x10W,21x10W-PERF.PE0,hub and blades,13.06,2,21.0,10.0,0.33258126195774007,0.5,6.6318,8.3828,-20.9,184.75,CLARK-Y
21x12WE,21x12WE-PERF.PE0,hub and blades,13.44,2,21.0,12.0,0.435,0.375,4.3727,4.7128,-7.2,121.81,E63 to APC12
21x13.5EPN,21x135EPN-PERF.PE0,hub and blades,13.36,2,21.0,13.5,0.37,0.375,3.5014,3.7826,-7.4,97.54,E63 to APC12
21x13E,21x13E-PERF.PE0,hub and blades,13.42,2,21.0,13.0,0.4437,0.375,3.6516,4.0108,-9.0,101.73,E63 to APC12
21x13WE,21x13WE-PERF.PE0,hub and blades,13.43,2,21.0,13.0,0.44,0.375,4.3903,4.7246,-7.1,122.31,E63 to APC12
22x10,22x10-PERF.PE0,hub and blades,13.39,2,22.0,10.0573,0.58,0.5,8.0467,8.3795,-4.0,224.17,CLARK-Y
22x10E,22x10E-PERF.PE0,hub and blades,13.61,2,22.0,10.0,0.46,0.375,4.4747,4.8064,-6.9,124.66,E63 to APC12
22x12E,22x12E-PERF.PE0,hub and blades,13.65,2,22.0,12.0,0.455,0.375,4.4496,4.7909,-7.1,123.96,E63 to APC12
22x12WE,22x12WE-PERF.PE0,hub and blades,13.59,2,22.0,12.0,0.485,0.375,5.4471,5.8434,-6.8,151.74,E63 to APC12
22x13EPN,22x13EPN-PERF.PE0,hub and blades,13.42,2,22.0,13.0027,0.375,0.375,3.8777,4.1068,-5.6,108.03,E66 to APC12
22x8,22x8-PERF.PE0,hub and blades,13.41,2,22.0,8.0,0.56,0.5,7.9616,8.2625,-3.6,221.8,CLARK-Y
24x12E,24x12E-PERF.PE0,hub and blades,13.59,2,24.0,12.0,0.495,0.375,5.5383,5.9245,-6.5,154.29,E63 to APC12
25x12.5E,25x125E-PERF.PE0,hub and blades,13.5,2,25.0,12.5,0.4799,0.375,7.4178,8.2175,-9.7,206.65,E63 to APC12
26x13E,26x13E-PERF.PE0,hub and blades,13.67,2,26.0,13.0,0.465,0.5,7.0596,7.4431,-5.2,196.67,E63 to APC12
26x15E,26x15E-PERF.PE0,hub and blades,13.46,2,26.0,15.0,0.48,0.5,7.1236,7.5428,-5.6,198.45,E63 to APC12
27x13E,27x13E-PERF.PE0,hub and blades,13.67,2,27.0,13.0,0.5,0.5,7.8961,8.3289,-5.2,219.97,E63 to APC12
28x20-4,28x20-4-PERF.PE0,hub and blades,29.47,4,27.8,20.0,0.0028,0.5,21.2531,23.9118,-11.1,463.21,APC12
4.1x4.1E,41x41E-PERF.PE0,hub and blades,12.09,2,4.1,4.1,0.1514,0.25,0.0775,0.1042,-25.6,2.16,E63 to APC12
4.2x2,42x2-PERF.PE0,hub and blades,12.15,2,4.183,2.0,0.1057,0.25,0.0787,0.1089,-27.8,2.19,CLARK-Y
4.2x4,42x4-PERF.PE0,hub and blades,12.16,2,4.183,4.0,0.129,0.25,0.0923,0.119,-22.4,2.57,CLARK-Y
4.4x4,44x4-PERF.PE0,hub and blades,12.13,2,4.375,4.4728,0.1267,0.25,0.1175,0.1464,-19.7,3.27,CLARK-Y
4.5x3.5,45x35-PERF.PE0,hub and blades,11.87,2,4.5,3.5,0.129,0.25,0.124,0.1522,-18.6,3.45,CLARK-Y
4.5x4,45x4-PERF.PE0,hub and blades,12.03,2,4.5,4.0,0.129,0.25,0.1236,0.1532,-19.3,3.44,CLARK-Y
4.5x4.1E,45x41E-PERF.PE0,hub and blades,12.16,2,4.5,4.1,0.1514,0.25,0.0931,0.1189,-21.7,2.59,E63 to APC12
4.6x3,46x3-PERF.PE0,hub and blades,12.06,2,4.625,3.0,0.1677,0.25,0.1457,0.1669,-12.7,4.06,CLARK-Y
4.75x4,475x4-PERF.PE0,hub and blades,12.08,2,4.75,4.0,0.1677,0.25,0.1502,0.1719,-12.6,4.18,CLARK-Y
4.75x4.5E,475x45E-PERF.PE0,hub and blades,12.43,2,4.75,4.5,0.1172,0.25,0.0822,0.1162,-29.3,2.29,E63 to APC12
4.75x4.75E,475x475E-PERF.PE0,hub and blades,12.44,2,4.75,4.75,0.1172,0.25,0.0802,0.1144,-29.9,2.23,E63 to APC12
4.75x5.5E,475x55E-PERF.PE0,hub and blades,12.47,2,4.75,5.5,0.1186,0.25,0.0857,0.1197,-28.4,2.39,E63 to APC12
4.7x4.2E,47x42E-PERF.PE0,hub and blades,12.57,2,4.75,4.25,0.0672,0.25,0.0651,0.0964,-32.5,1.81,E63 to APC12
4x3.3E,4x33E-PERF.PE0,hub and blades,12.03,2,4.0,3.5496,0.1012,0.25,0.0723,0.1003,-28.0,2.01,E63 to APC12
4x4.5E,4x45E-PERF.PE0,hub and blades,12.07,2,4.0,4.5004,0.1184,0.25,0.0829,0.1116,-25.7,2.31,E63 to APC12
4x4E-3,4x4E-3-PERF.PE0,hub and blades,18.34,3,4.0,4.3013,0.0871,0.25,0.1121,0.1335,-16.0,3.12,E63 to APC12
5.1x4.5E,51x45E-PERF.PE0,hub and blades,12.63,2,5.1,4.5,0.0507,0.25,0.1071,0.1653,-35.2,2.98,E63
5.1x5.0E,51x50E-PERF.PE0,hub and blades,12.39,2,5.1,5.0035,0.0973,0.25,0.1017,0.1281,-20.6,2.83,E63 to APC12
5.1x5.0E-3,51x50E-3-PERF.PE0,hub and blades,19.5,3,5.1,5.0035,0.0772,0.25,0.1391,0.1807,-23.0,3.88,E63 to APC12
5.25x4.75E,525x475E-PERF.PE0,hub and blades,12.52,2,5.25,4.75,0.0672,0.25,0.0853,0.1313,-35.0,2.38,E63 to APC12
5.25x5.5E,525x55E-PERF.PE0,hub and blades,12.52,2,5.25,5.5,0.0672,0.25,0.0855,0.1315,-35.0,2.38,E63 to APC12
5.25x6.25E,525x625E-PERF.PE0,hub and blades,12.53,2,5.25,6.25,0.0672,0.25,0.0855,0.1315,-35.0,2.38,E63 to APC12
5.25x8E,525x8E-PERF.PE0,hub and blades,12.4,2,5.25,8.0,0.0886,0.25,0.1128,0.1567,-28.0,3.14,E63 to APC12
5.2x6.0E,52x60E-PERF.PE0,hub and blades,12.54,2,5.2,6.007,0.0973,0.25,0.1024,0.1288,-20.5,2.85,E63 to APC12
5.3x5.9E,53x59E-PERF.PE0,hub and blades,12.91,2,5.3,5.9,0.0793,0.25,0.0927,0.1448,-35.9,2.58,E63 to APC12
5.5x2,55x2-PERF.PE0,hub and blades,12.28,2,5.5,2.0,0.1718,0.25,0.1951,0.2281,-14.5,5.43,CLARK-Y
5.5x2.5,55x25-PERF.PE0,hub and blades,12.26,2,5.5,2.5,0.1718,0.25,0.1963,0.2307,-14.9,5.47,CLARK-Y
5.5x4.5E,55x45E-PERF.PE0,hub and blades,12.81,2,5.5,4.5,0.0672,0.25,0.0944,0.1483,-36.3,2.63,E63 to APC12
5.5x4.7E,55x47E-PERF.PE0,hub and blades,12.82,2,5.5,4.7,0.0672,0.25,0.0944,0.1482,-36.3,2.63,E63 to APC12
5.5x6.5E,55x65E-PERF.PE0,hub and blades,12.67,2,5.5,6.5,0.0528,0.25,0.0951,0.1482,-35.9,2.65,E63 to APC12
5.5x7.0,55x70-PERF.PE0,hub and blades,12.41,2,5.5,7.0,0.29,0.25,0.2552,0.2775,-8.0,7.11,CLARK-Y
5.7x3,57x3-PERF.PE0,hub and blades,12.71,2,5.7,3.0,0.175,0.25,0.1671,0.1751,-4.6,4.65,CLARK-Y
5x11E,5x11E-PERF.PE0,hub and blades,12.48,2,5.0,11.0,0.0784,0.25,0.0955,0.1464,-34.8,2.66,E63 to APC12
5x3,5x3-PERF.PE0,hub and blades,12.15,2,5.0,3.0,0.1677,0.25,0.1723,0.1958,-12.0,4.8,CLARK-Y
5x3.7E-3,5x37E-3-PERF.PE0,hub and blades,19.13,3,5.0,3.7995,0.1141,0.25,0.1944,0.2109,-7.8,3.82,E63 to APC12
5x3E,5x3E-PERF.PE0,hub and blades,12.48,2,5.0,3.0,0.075,0.25,0.0893,0.1217,-26.6,2.49,E63 to APC12
5x4.1SF,5x41SF-PERF.PE0,hub and blades,12.59,2,5.0,4.1,0.0564,0.25,0.0476,0.0635,-25.1,1.33,E63 to APC12
5x4.3E,5x43E-PERF.PE0,hub and blades,12.43,2,5.0,4.6,0.1485,0.25,0.134,0.1711,-21.7,3.73,E63 to APC12
5x4.5E,5x45E-PERF.PE0,hub and blades,12.39,2,5.0,4.6,0.1184,0.25,0.1275,0.1702,-25.1,3.55,E63 to APC12
5x4.6E,5x46E-PERF.PE0,hub and blades,12.38,2,5.0,4.7,0.1184,0.25,0.145,0.1934,-25.0,4.04,E63 to APC12
5x4E-3,5x4E-3-PERF.PE0,hub and blades,18.94,3,5.0,4.5011,0.0896,0.25,0.1866,0.2445,-23.7,5.2,E63 to APC12
5x4E-4,5x4E-4-PERF.PE0,hub and blades,26.11,4,5.0,4.2001,0.0689,0.25,0.1748,0.2084,-16.1,4.87,E63 to APC12
5x4R-RH,5x4R-RH-PERF.PE0,hub and blades,12.1,2,5.0,4.101,0.0516,0.25,0.109,0.1386,-21.3,3.04,APC16009R
5x5E,5x5E-PERF.PE0,hub and blades,12.53,2,5.0,5.0,0.075,0.25,0.0885,0.1226,-27.8,2.47,E63 to APC12
5x5F,5x5F-PERF.PE0,"one blade, no hub",9.48,1,5.0,5.0,,,0.0123,0.0414,,0.34,E63 to APC12
5x7.5E,5x75E-PERF.PE0,hub and blades,12.42,2,5.0,7.5,0.0886,0.25,0.1,0.1433,-30.2,2.78,E63 to APC12
6.3x4,63x4-PERF.PE0,hub and blades,12.48,2,6.25,4.0,0.325,0.25,0.3336,0.3451,-3.3,9.29,CLARK-Y
6.5x2.9,65x29-PERF.PE0,hub and blades,12.81,2,6.5,2.9,0.3413,0.25,0.3442,0.3548,-3.0,9.59,CLARK-Y
6.5x3.7,65x37-PERF.PE0,hub and blades,12.78,2,6.5,3.75,0.385,0.25,0.3798,0.3951,-3.9,10.58,CLARK-Y
6.5x5.0,65x50-PERF.PE0,hub and blades,12.71,2,6.5,5.0,0.29,0.25,0.3426,0.3584,-4.4,9.54,CLARK-Y
6.5x5.5,65x55-PERF.PE0,hub and blades,12.71,2,6.5,5.5,0.29,0.25,0.3435,0.3585,-4.2,9.57,CLARK-Y
6.5x6.0,65x60-PERF.PE0,hub and blades,12.73,2,6.5,6.0,0.29,0.25,0.3448,0.3587,-3.9,9.61,CLARK-Y
6.5x6.5,65x65-PERF.PE0,hub and blades,12.73,2,6.5,6.5,0.29,0.25,0.3459,0.3588,-3.6,9.64,CLARK-Y
6.5x7.0,65x70-PERF.PE0,hub and blades,12.81,2,6.5,7.0,0.29,0.25,0.3448,0.3592,-4.0,9.61,CLARK-Y
6.5x7.5,65x75-PERF.PE0,hub and blades,12.71,2,6.5,7.5,0.285,0.25,0.3414,0.3576,-4.5,9.51,CLARK-Y
6x2,6x2-PERF.PE0,hub and blades,12.65,2,6.0,2.0,0.149,0.25,0.1916,0.2327,-17.6,5.34,CLARK-Y
6x3,6x3-PERF.PE0,hub and blades,12.74,2,6.0,3.0,0.162,0.25,0.2145,0.2502,-14.3,5.97,CLARK-Y
6x3.1SF,6x31SF-PERF.PE0,hub and blades,12.77,2,6.0,3.1,0.0627,0.25,0.0712,0.0871,-18.3,1.98,E63 to APC12
6x3F,6x3F-PERF.PE0,"one blade, no hub",10.73,1,6.0,4.0,,,0.0224,0.0537,,0.62,E63 to APC12
6x3R-RH,6x3R-RH-PERF.PE0,hub and blades,12.54,2,6.0,3.5009,0.0492,0.25,0.1178,0.1527,-22.8,3.28,APC16009R
6x4,6x4-PERF.PE0,hub and blades,12.63,2,6.0,4.0,0.15,0.25,0.176,0.1902,-7.5,4.9,CLARK-Y
6x4.1SF,6x41SF-PERF.PE0,hub and blades,12.74,2,6.0,4.1,0.0627,0.25,0.0711,0.0879,-19.1,1.98,E63 to APC12
6x4.2E-3,6x42E-3-PERF.PE0,hub and blades,19.46,3,6.0,4.2005,0.111,0.25,0.2336,0.2616,-10.7,4.59,E63 to APC12
6x4.5E,6x45E-PERF.PE0,hub and blades,12.92,2,6.0,4.7002,0.175,0.25,0.2338,0.2802,-16.6,6.51,E63 to APC12
6x4E,6x4E-PERF.PE0,hub and blades,12.81,2,6.0,4.0,0.0672,0.25,0.114,0.16,-28.7,3.18,E63 to APC12
6x5,6x5-PERF.PE0,hub and blades,12.44,2,6.0,5.0,0.25,0.25,0.2378,0.2531,-6.0,6.62,CLARK-Y
6x5.5E,6x55E-PERF.PE0,hub and blades,12.77,2,6.0,5.5,0.0672,0.25,0.1194,0.1769,-32.5,3.33,E63 to APC12
6x6E,6x6E-PERF.PE0,hub and blades,12.74,2,6.0,6.0,0.0672,0.25,0.1191,0.1769,-32.7,3.32,E63 to APC12
7.4x7.5C,74x75C-PERF.PE0,hub and blades,12.81,2,7.4,7.7355,0.2835,0.25,0.5368,0.6792,-21.0,14.96,CLARK-Y
7.4x7.6C,74x76C-PERF.PE0,hub and blades,12.83,2,7.4,7.8762,0.2835,0.25,0.5364,0.6791,-21.0,11.87,CLARK-Y
7.4x7.7C,74x77C-PERF.PE0,hub and blades,12.83,2,7.4,7.966,0.2835,0.25,0.5361,0.679,-21.1,14.93,CLARK-Y
7.8x4,78x4-PERF.PE0,hub and blades,12.72,2,8.0,3.758,0.35,0.25,0.656,0.6568,-0.1,18.28,CLARK-Y
7.8x6,78x6-PERF.PE0,hub and blades,12.85,2,7.8,6.0,0.2278,0.25,0.616,0.8482,-27.4,17.16,CLARK-Y
7.8x7,78x7-PERF.PE0,hub and blades,12.91,2,7.8,7.0,0.2278,0.25,0.614,0.851,-27.8,17.11,CLARK-Y
7x10,7x10-PERF.PE0,hub and blades,12.95,2,7.0,10.0,0.307,0.25,0.3539,0.3934,-10.1,9.86,CLARK-Y
7x11E,7x11E-PERF.PE0,hub and blades,12.69,2,7.0,11.0,0.204,0.25,0.275,0.3547,-22.5,7.66,E63 to APC12
7x15E,7x15E-PERF.PE0,hub and blades,12.67,2,7.0,14.7,0.25,0.25,0.3077,0.3458,-11.0,8.57,E66 to APC12
7x3,7x3-PERF.PE0,hub and blades,13.08,2,7.0,2.7559,0.28,0.25,0.3729,0.387,-3.7,10.39,CLARK-Y
7x3.8WSF,7x38WSF-PERF.PE0,hub and blades,12.74,2,7.0,3.8,0.04,0.25,0.183,0.2418,-24.3,5.1,E63 to APC12
7x4.1SF,7x41SF-PERF.PE0,hub and blades,13.08,2,7.0,4.2,0.0628,0.25,0.1037,0.1229,-15.6,2.89,E63 to APC12
7x4E,7x4E-PERF.PE0,hub and blades,12.59,2,7.0,4.0,0.275,0.25,0.273,0.3022,-9.7,7.6,E63 to APC12
7x4F,7x4F-PERF.PE0,"one blade, no hub",9.87,1,7.0,4.0,,,0.0317,0.091,,0.88,E63 to APC12
7x4SF,7x4SF-PERF.PE0,hub and blades,13.06,2,7.0,4.0,0.0515,0.25,0.1288,0.1744,-26.2,3.59,E63
7x5,7x5-PERF.PE0,hub and blades,12.85,2,7.0,5.0,0.1741,0.25,0.3317,0.3759,-11.8,9.24,CLARK-Y
7x5E,7x5E-PERF.PE0,hub and blades,12.64,2,7.0,5.0,0.275,0.25,0.2719,0.302,-10.0,7.57,E63 to APC12
7x5SF,7x5SF-PERF.PE0,hub and blades,13.07,2,7.0,5.0,0.0408,0.25,0.1349,0.1827,-26.2,3.76,E63
7x6,7x6-PERF.PE0,hub and blades,12.7,2,7.0,6.0,0.2463,0.25,0.3722,0.4201,-11.4,10.37,CLARK-Y
7x6E,7x6E-PERF.PE0,hub and blades,12.61,2,7.0,6.0,0.27,0.25,0.2712,0.3004,-9.7,7.56,E63 to APC12
7x6F,7x6F-PERF.PE0,"one blade, no hub",10.03,1,7.0,6.0,,,0.0317,0.0912,,0.88,E63 to APC12
7x6SF,7x6SF-PERF.PE0,hub and blades,12.81,2,7.0,6.0,0.0515,0.25,0.1322,0.186,-28.9,3.68,E63
7x6W,7x6W-PERF.PE0,hub and blades,12.63,2,7.0,6.0,0.2177,0.25,0.3561,0.4554,-21.8,9.92,CLARK-Y
7x7,7x7-PERF.PE0,hub and blades,12.85,2,7.0,7.0,0.307,0.25,0.3688,0.3982,-7.4,10.28,CLARK-Y
7x7E,7x7E-PERF.PE0,hub and blades,12.62,2,7.0,7.0,0.27,0.25,0.2702,0.3001,-9.9,7.53,E63 to APC12
7x8,7x8-PERF.PE0,hub and blades,12.43,2,7.0,8.0,0.2116,0.25,0.3738,0.4431,-15.6,10.41,CLARK-Y
7x9,7x9-PERF.PE0,hub and blades,12.98,2,7.0,9.0,0.307,0.25,0.3546,0.3925,-9.7,9.88,CLARK-Y
7x9E,7x9E-PERF.PE0,hub and blades,12.66,2,7.0,8.5,0.204,0.25,0.2767,0.3561,-22.3,7.71,E63 to APC12
8.625x3.75,8625x375-PERF.PE0,hub and blades,13.16,2,8.625,3.75,0.199,0.25,0.4767,0.6411,-25.6,13.28,CLARK-Y
8.75x5.0,875x50-PERF.PE0,hub and blades,12.9,2,8.75,5.0,0.4175,0.25,0.9199,0.9336,-1.5,25.63,CLARK-Y
8.75x7.0N,875x70N-PERF.PE0,hub and blades,12.78,2,8.75,7.0,0.1927,0.25,0.7419,1.0151,-26.9,20.67,CLARK-Y
8.75x7.5N,875x75N-PERF.PE0,hub and blades,12.77,2,8.75,7.5,0.1927,0.25,0.7407,1.0148,-27.0,20.64,CLARK-Y
8.75x7.5NN,875x75NN-PERF.PE0,hub and blades,12.77,2,8.75,7.5,0.1927,0.25,0.6138,0.8727,-29.7,17.1,CLARK-Y
8.75x7.5W,875x75W-PERF.PE0,hub and blades,12.8,2,8.75,13.3986,0.1927,0.25,0.616,0.8767,-29.7,17.16,CLARK-Y
8.75x7.75NN,875x775NN-PERF.PE0,hub and blades,12.84,2,8.75,7.75,0.1927,0.25,0.6141,0.8727,-29.6,17.11,CLARK-Y
8.75x8.0NN,875x80NN-PERF.PE0,hub and blades,12.56,2,8.75,11.0861,0.1927,0.25,0.6132,0.8727,-29.7,17.08,CLARK-Y
8.75x8.25NN,875x825NN-PERF.PE0,hub and blades,12.75,2,8.75,8.25,0.1927,0.25,0.6149,0.8729,-29.6,17.13,CLARK-Y
8.75x8.5N,875x85N-PERF.PE0,hub and blades,12.85,2,8.75,8.5,0.1927,0.25,0.7386,1.0002,-26.2,20.58,CLARK-Y
8.75x8.75NN,875x875NN-PERF.PE0,hub and blades,12.78,2,8.75,8.75,0.1927,0.25,0.613,0.8722,-29.7,17.08,CLARK-Y
8.75x8.75W,875x875W-PERF.PE0,hub and blades,12.8,2,8.75,8.75,0.1927,0.25,0.6168,0.8768,-29.6,17.18,CLARK-Y
8.75x9.0NN,875x90NN-PERF.PE0,hub and blades,12.78,2,8.75,9.0,0.1927,0.25,0.6133,0.8723,-29.7,17.09,CLARK-Y
8.75x9.0W,875x90W-PERF.PE0,hub and blades,12.82,2,8.75,11.0385,0.1815,0.25,0.6069,0.8753,-30.7,16.91,CLARK-Y
8.75x9.25NN,875x925NN-PERF.PE0,hub and blades,12.81,2,8.75,12.4846,0.1927,0.25,0.6124,0.8719,-29.8,17.06,CLARK-Y
8.75x9.25W,875x925W-PERF.PE0,hub and blades,12.82,2,8.75,9.6649,0.1815,0.25,0.6073,0.8755,-30.6,16.92,CLARK-Y
8.8x8.5,88x85-PERF.PE0,hub and blades,12.79,2,8.77,8.806,0.1927,0.25,0.6207,0.881,-29.5,17.29,CLARK-Y
8.8x8.75,88x875-PERF.PE0,hub and blades,12.94,2,8.77,8.75,0.2238,0.25,0.6573,0.8959,-26.6,18.31,CLARK-Y
8.8x8.9,88x89-PERF.PE0,hub and blades,12.74,2,8.77,15.522,0.3591,0.25,0.7177,0.8741,-17.9,19.99,CLARK-Y
8.8x9.0,88x90-PERF.PE0,hub and blades,12.69,2,8.77,9.0,0.6228,0.25,0.9265,0.8855,4.6,25.81,CLARK-Y
8.8x9.25,88x925-PERF.PE0,hub and blades,12.93,2,8.77,9.25,0.2238,0.25,0.6587,0.8969,-26.6,18.35,CLARK-Y
8.8x9.5,88x95-PERF.PE0,hub and blades,12.74,2,8.74,9.5,0.1927,0.25,0.6212,0.8807,-29.5,17.31,CLARK-Y
8.8x9.75,88x975-PERF.PE0,hub and blades,12.84,2,8.73,9.5,0.1927,0.25,0.6211,0.8806,-29.5,17.3,CLARK-Y
8x10,8x10-PERF.PE0,hub and blades,12.66,2,8.0,10.0,0.325,0.25,0.5926,0.621,-4.6,16.51,CLARK-Y
8x10E,8x10E-PERF.PE0,hub and blades,12.42,2,8.0,10.0,0.3474,0.25,0.5007,0.5161,-3.0,13.95,E63 to APC12
8x3.75,8x375-PERF.PE0,hub and blades,13.03,2,8.0,3.75,0.1882,0.25,0.4132,0.5555,-25.6,11.51,CLARK-Y
8x3.7SFR,8x37SFR-PC-PERF.PE0,hub and blades,12.66,2,8.0,3.7,0.061,0.25,0.2383,0.2762,-13.7,4.69,APC16009R
8x3.8SF,8x38SF-PERF.PE0,hub and blades,13.07,2,8.0,3.8,0.0469,0.25,0.182,0.2394,-24.0,5.07,E63 to APC12
8x4,8x4-PERF.PE0,hub and blades,12.67,2,8.0,4.0,0.3277,0.25,0.5539,0.584,-5.2,15.43,CLARK-Y
8x4.1SF,8x41SF-PERF.PE0,hub and blades,12.83,2,8.0,4.2,0.0578,0.25,0.1307,0.1541,-15.2,3.64,E63 to APC12
8x4.2SFR,8x42SFR-PERF.PE0,hub and blades,12.68,2,8.0,4.2,0.0452,0.25,0.1384,0.1669,-17.1,3.86,APC16006R
8x4.5MR,8x45MR-PERF.PE0,hub and blades,12.6,2,8.0,4.5,0.3094,0.25,0.2984,0.3028,-1.4,8.31,E63 to APC12
8x4.7SF,8x47SF-PERF.PE0,hub and blades,12.94,2,8.0,4.7,0.0469,0.25,0.1823,0.2358,-22.7,5.08,E63 to APC12
8x4E,8x4E-PERF.PE0,hub and blades,12.5,2,8.0,4.0,0.3255,0.25,0.4821,0.4923,-2.1,13.43,E63 to APC12
8x4F,8x4F-PERF.PE0,"one blade, no hub",5.33,1,8.0,4.0,,,0.0523,0.1192,,1.46,E63 to APC12
8x5,8x5-PERF.PE0,hub and blades,12.76,2,8.0,5.0,0.38,0.25,0.6682,0.6788,-1.6,18.61,CLARK-Y
8x6,8x6-PERF.PE0,hub and blades,12.7,2,8.0,6.0,0.325,0.25,0.6256,0.6462,-3.2,17.43,CLARK-Y
8x6E,8x6E-PERF.PE0,hub and blades,12.43,2,8.0,6.0,0.3067,0.25,0.4658,0.4975,-6.4,12.98,E63 to APC12
8x6SF,8x6SF-PERF.PE0,hub and blades,13.0,2,8.0,6.0,0.0504,0.25,0.1808,0.2316,-21.9,5.04,E63
8x7,8x7-PERF.PE0,hub and blades,12.71,2,8.0,7.0,0.375,0.25,0.667,0.6833,-2.4,18.58,CLARK-Y
8x7.3,8x73-PERF.PE0,hub and blades,12.84,2,8.0,7.75,0.443,0.25,0.8548,0.8654,-1.2,23.81,CLARK-Y
8x8,8x8-PERF.PE0,hub and blades,12.65,2,8.0,8.0,0.375,0.25,0.6642,0.684,-2.9,18.5,CLARK-Y
8x8E,8x8E-PERF.PE0,hub and blades,12.36,2,8.0,8.0,0.3474,0.25,0.4999,0.5264,-5.0,13.93,E63 to APC12
8x9,8x9-PERF.PE0,hub and blades,12.64,2,8.0,9.0,0.3141,0.25,0.5869,0.6338,-7.4,16.35,CLARK-Y
9.25x6.0,925x60-PERF.PE0,hub and blades,12.92,2,9.25,6.0,0.33,0.25,0.5596,0.5757,-2.8,15.59,CLARK-Y
9.3x3,93x3-PERF.PE0,hub and blades,12.96,2,9.3,3.0,0.3167,0.375,0.8167,0.9007,-9.3,22.75,CLARK-Y
9.5x4.5,95x45-PERF.PE0,hub and blades,12.89,2,9.5,4.5,0.3596,0.375,0.874,0.9692,-9.8,24.35,CLARK-Y
9.5x5MR,95x5MR-PERF.PE0,hub and blades,13.24,2,9.5,5.2527,0.23,0.25,0.4137,0.4314,-4.1,11.53,E63 to APC12
9.5x6,95x6-PERF.PE0,hub and blades,12.83,2,9.5,5.9964,0.4262,0.25,0.9393,0.9399,-0.1,26.17,CLARK-Y
9.5x7.5N,95x75N-PERF.PE0,hub and blades,12.76,2,9.5,7.5,0.4419,0.25,0.9157,0.9963,-8.1,25.51,CLARK-Y
9.5x7N,95x7N-PERF.PE0,hub and blades,12.71,2,9.5,7.0,0.4419,0.25,0.9297,1.0057,-7.6,25.9,CLARK-Y
9.625x3.75N,9625x375N-PERF.PE0,hub and blades,12.66,2,9.625,3.75,0.2125,0.25,0.6343,0.8734,-27.4,17.67,CLARK-Y
9x10,9x10-PERF.PE0,hub and blades,13.04,2,9.0,10.0,0.355,0.25,0.6996,0.721,-3.0,19.49,CLARK-Y
9x3,9x3-PERF.PE0,hub and blades,12.94,2,9.0,3.0,0.3167,0.375,0.8104,0.8944,-9.4,22.58,CLARK-Y
9x3.7SF,9x37SF-PERF.PE0,hub and blades,12.84,2,9.0,3.8,0.0582,0.25,0.1501,0.1758,-14.6,4.18,E63 to APC12
9x3.8SF,9x38SF-PERF.PE0,hub and blades,12.75,2,9.0,3.8,0.0468,0.25,0.2466,0.3097,-20.4,6.87,E63 to APC12
9x3.9SFR,9x39SFR-PC-PERF.PE0,hub and blades,12.59,2,9.0,3.9,0.0606,0.25,0.329,0.3718,-11.5,6.47,APC16009R
9x3N,9x3N-PERF.PE0,hub and blades,13.17,2,9.0,3.0,0.265,0.25,0.4939,0.5339,-7.5,13.76,CLARK-Y
9x4,9x4-PERF.PE0,hub and blades,12.98,2,9.0,4.0,0.37,0.25,0.7993,0.8056,-0.8,22.27,CLARK-Y
9x4.1SF,9x41SF-PERF.PE0,hub and blades,12.77,2,9.0,4.2,0.0585,0.25,0.151,0.1758,-14.1,4.21,E63 to APC12
9x4.4SFR,9x44SFR-PERF.PE0,hub and blades,12.66,2,9.0,4.4,0.0452,0.25,0.1942,0.2274,-14.6,5.41,APC16006R
9x4.5E,9x45E-PERF.PE0,hub and blades,12.91,2,9.0,4.5,0.315,0.25,0.6124,0.6402,-4.3,17.06,E63 to APC12
9x4.5MR,9x45MR-PERF.PE0,hub and blades,13.03,2,9.0,4.5,0.3092,0.25,0.3865,0.3923,-1.5,10.77,E63 to APC12
9x4.5MRF-RH,9x45MRF-RH-PERF.PE0,"one blade, no hub",12.25,1,9.0,4.7,,,0.1201,0.1696,,3.35,E63 to APC12
9x4.5R-RH,9x45R-RH-PERF.PE0,hub and blades,12.86,2,9.0,5.0001,0.0486,0.25,0.3681,0.4627,-20.5,10.25,APC16009R
9x4.6SF,9x46SF-PERF.PE0,hub and blades,12.8,2,9.0,4.7,0.0585,0.25,0.1509,0.1763,-14.4,4.2,E63 to APC12
9x4.7SF,9x47SF-PERF.PE0,hub and blades,12.84,2,9.0,4.7,0.0468,0.25,0.2458,0.3042,-19.2,6.85,E63 to APC12
9x4M-LH,9x4M-LH-PERF.PE0,hub and blades,12.83,2,8.96,4.0,0.3581,0.375,0.9906,1.1188,-11.5,27.6,CLARK-Y
9x5,9x5-PERF.PE0,hub and blades,12.93,2,9.0,4.9978,0.3882,0.25,0.7559,0.7905,-4.4,21.06,CLARK-Y
9x5F,9x5F-PERF.PE0,"one blade, no hub",11.18,1,9.0,5.0,,,0.1009,0.2186,,2.81,E63 to APC12
9x5M-JK,9x5M-JK-PERF.PE0,hub and blades,12.85,2,9.0,5.0,0.3312,0.375,0.9479,1.0816,-12.4,26.41,APC12
9x6,9x6-PERF.PE0,hub and blades,12.91,2,9.0,5.9969,0.3882,0.25,0.7577,0.7951,-4.7,21.11,CLARK-Y
9x6-4,9x6-4-PERF.PE0,hub and blades,25.01,4,9.0,6.1017,0.2537,0.25,0.745,0.8749,-14.9,20.75,CLARK-Y
9x6.5,9x65-PERF.PE0,hub and blades,13.02,2,9.0,6.5,0.42,0.25,1.0216,1.0427,-2.0,28.46,CLARK-Y
9x6E,9x6E-PERF.PE0,hub and blades,13.19,2,9.0,6.0,0.2384,0.25,0.5627,0.6444,-12.7,15.68,E63 to APC12
9x6N,9x6N-PERF.PE0,hub and blades,12.93,2,9.0,6.2765,0.194,0.25,0.4654,0.6337,-26.6,12.96,CLARK-Y
9x6SF,9x6SF-PERF.PE0,hub and blades,12.73,2,9.0,6.0,0.0504,0.25,0.2597,0.3102,-16.3,7.23,E63
9x7,9x7-PERF.PE0,hub and blades,12.91,2,9.0,7.0,0.4236,0.25,0.7759,0.7817,-0.8,21.61,CLARK-Y
9x7.5,9x75-PERF.PE0,hub and blades,13.03,2,9.0,7.5,0.42,0.25,1.0195,1.0449,-2.4,28.4,CLARK-Y
9x7.5E,9x75E-PERF.PE0,hub and blades,12.95,2,9.0,7.5,0.2459,0.25,0.5641,0.6375,-11.5,15.72,E63 to APC12
9x7.5SF,9x75SF-PERF.PE0,hub and blades,13.07,2,9.0,7.5,0.0504,0.25,0.2613,0.3231,-19.1,7.28,E63
9x8,9x8-PERF.PE0,hub and blades,12.93,2,9.0,8.0,0.4,0.25,0.8432,0.8636,-2.4,23.49,CLARK-Y
9x8.5,9x85-PERF.PE0,hub and blades,13.02,2,9.0,8.5,0.42,0.25,1.0163,1.0459,-2.8,28.31,CLARK-Y
9x8E-3,9x8E-3-PERF.PE0,hub and blades,19.95,3,9.0,7.5,0.3217,0.25,0.9114,0.8951,1.8,25.39,E63 to APC12
9x9,9x9-PERF.PE0,hub and blades,12.95,2,9.0,9.0,0.34,0.25,0.7896,0.8137,-3.0,22.0,CLARK-Y
9x9E,9x9E-PERF.PE0,hub and blades,13.0,2,9.0,9.0,0.2253,0.25,0.5524,0.6457,-14.5,15.39,E63 to APC12
